{"seed": 4112, "f_sampling": 4096, "duration": 128, "post_trigger_duration": 2, "trigger_time": 1187008882.43, "fmin": 20, "fref": 20, "ifos": ["H1", "L1", "V1"], "outdir": "./new_slurm/injection_5/", "M_c": 1.3771439408736401, "q": 0.7797638326871623, "s1_z": 0.010078673324102963, "s2_z": 0.004116315980256954, "lambda_1": 2776.662395298775, "lambda_2": 1776.262509382433, "d_L": 77.08966199156045, "t_c": 0.08230865856429778, "phase_c": 4.283573183091584, "cos_iota": -0.8306857053396657, "psi": 2.3472354473278663, "ra": 2.3635629625026846, "sin_dec": -0.6274171512437954}