{"seed": 6200, "f_sampling": 4096, "duration": 128, "post_trigger_duration": 2, "trigger_time": 1187008882.43, "fmin": 20, "fref": 20, "ifos": ["H1", "L1", "V1"], "outdir": "./outdir_TaylorF2_part2/injection_41/", "M_c": 1.3320533235912126, "q": 0.6824115753092896, "s1_z": -0.03828556361111516, "s2_z": -0.018046959673226393, "lambda_1": 402.8122378614496, "lambda_2": 255.77968956441433, "d_L": 34.22635152646082, "t_c": -0.0709266963616599, "phase_c": 0.3094321682193114, "cos_iota": -0.6003933069268006, "psi": 2.2597756009553307, "ra": 1.1063085545197078, "sin_dec": -0.9448450500353909}