{"M_c": 1.3320533235912126, "eta": 0.2410914946855423, "s1_z": -0.03828556361111516, "s2_z": -0.018046959673226393, "lambda_1": 402.8122378614496, "lambda_2": 255.77968956441433, "d_L": 34.22635152646082, "t_c": -0.0709266963616599, "phase_c": 0.3094321682193114, "iota": 2.2147891599388094, "psi": 2.2597756009553307, "ra": 1.1063085545197078, "dec": -1.237121175337949, "gmst": 2.7288923786848907}