{"seed": 1831, "f_sampling": 4096, "duration": 128, "post_trigger_duration": 2, "trigger_time": 1187008882.43, "fmin": 20, "fref": 20, "ifos": ["H1", "L1", "V1"], "outdir": "./outdir_NRTv2/injection_12/", "M_c": 1.7856428677749416, "q": 0.9038754896781735, "s1_z": -0.019723465643634832, "s2_z": -0.03618410215926593, "lambda_1": 1889.6396607927957, "lambda_2": 2802.379738010934, "d_L": 41.3180083322701, "t_c": 0.06653486828351526, "phase_c": 0.5093013082746134, "cos_iota": -0.06972791762384589, "psi": 0.06876525087878645, "ra": 0.16326991861057613, "sin_dec": 0.9523672332321982}