{"M_c": 1.7856428677749416, "eta": 0.24936271865763115, "s1_z": -0.019723465643634832, "s2_z": -0.03618410215926593, "lambda_1": 1889.6396607927957, "lambda_2": 2802.379738010934, "d_L": 41.3180083322701, "t_c": 0.06653486828351526, "phase_c": 0.5093013082746134, "iota": 1.6405808710519014, "psi": 0.06876525087878645, "ra": 0.16326991861057613, "dec": 1.2609066962219966, "gmst": 2.7288923786848907}