{"seed": 864, "f_sampling": 4096, "duration": 128, "post_trigger_duration": 2, "trigger_time": 1187008882.43, "fmin": 20, "fref": 20, "ifos": ["H1", "L1", "V1"], "outdir": "./outdir_NRTv2_binsize_500/injection_4/", "M_c": 2.484580425914591, "q": 0.6262750428594698, "s1_z": 0.0032710482986288633, "s2_z": -0.02430791929582751, "lambda_1": 1818.6676539164876, "lambda_2": 4175.732866522609, "d_L": 69.81969781247682, "t_c": -0.09212567570488368, "phase_c": 0.5463216828229125, "cos_iota": -0.7128872650763638, "psi": 1.2980496340834864, "ra": 0.13999643957424904, "sin_dec": 0.31228416236705825}