{"M_c": 2.484580425914591, "eta": 0.2367974988003604, "s1_z": 0.0032710482986288633, "s2_z": -0.02430791929582751, "lambda_1": 1818.6676539164876, "lambda_2": 4175.732866522609, "d_L": 69.81969781247682, "t_c": -0.09212567570488368, "phase_c": 0.5463216828229125, "iota": 2.364403111634731, "psi": 1.2980496340834864, "ra": 0.13999643957424904, "dec": 0.31759649523912736, "gmst": 2.7288923786848907}