{"seed": 3334, "f_sampling": 4096, "duration": 128, "post_trigger_duration": 2, "trigger_time": 1187008882.43, "fmin": 20, "fref": 20, "ifos": ["H1", "L1", "V1"], "outdir": "./outdir_NRTv2/injection_6/", "M_c": 1.4873002367886146, "q": 0.6402433086354196, "s1_z": 0.01759631025265447, "s2_z": 0.004665981727723548, "lambda_1": 2287.1555233107106, "lambda_2": 3313.849893208031, "d_L": 48.90234092286661, "t_c": -0.017851327240668374, "phase_c": 5.319512252897613, "cos_iota": -0.4173778326387392, "psi": 2.060960648855868, "ra": 4.504383125181797, "sin_dec": 0.08595276488524894}