{"M_c": 1.4873002367886146, "eta": 0.23797344560018377, "s1_z": 0.01759631025265447, "s2_z": 0.004665981727723548, "lambda_1": 2287.1555233107106, "lambda_2": 3313.849893208031, "d_L": 48.90234092286661, "t_c": -0.017851327240668374, "phase_c": 5.319512252897613, "iota": 2.001354208219706, "psi": 2.060960648855868, "ra": 4.504383125181797, "dec": 0.08605895304656165, "gmst": 2.7288923786848907}