{"seed": 3678, "f_sampling": 4096, "duration": 128, "post_trigger_duration": 2, "trigger_time": 1187008882.43, "fmin": 20, "fref": 20, "ifos": ["H1", "L1", "V1"], "outdir": "./outdir_NRTv2/injection_11/", "M_c": 1.1313223116963134, "q": 0.8622550122374677, "s1_z": 0.0231531764497514, "s2_z": 0.04736988145919234, "lambda_1": 1592.4851158039248, "lambda_2": 1227.4590452245416, "d_L": 118.60371017047378, "t_c": 0.021956988084542634, "phase_c": 2.442261621554529, "cos_iota": -0.9369723798136074, "psi": 2.318545998814165, "ra": 0.49722315784685467, "sin_dec": -0.9071257635446734}