{"M_c": 1.1313223116963134, "eta": 0.248632229242064, "s1_z": 0.0231531764497514, "s2_z": 0.04736988145919234, "lambda_1": 1592.4851158039248, "lambda_2": 1227.4590452245416, "d_L": 118.60371017047378, "t_c": 0.021956988084542634, "phase_c": 2.442261621554529, "iota": 2.7846583213285814, "psi": 2.318545998814165, "ra": 0.49722315784685467, "dec": -1.136403545906107, "gmst": 2.7288923786848907}