{"seed": 1341, "f_sampling": 4096, "duration": 128, "post_trigger_duration": 2, "trigger_time": 1187008882.43, "fmin": 20, "fref": 20, "ifos": ["H1", "L1", "V1"], "outdir": "./outdir_TaylorF2_part2/injection_33/", "M_c": 1.2448986499242656, "q": 0.6989303799368898, "s1_z": -0.0051580454870540846, "s2_z": -0.03377184189343321, "lambda_1": 4829.248004404751, "lambda_2": 2962.4004643529524, "d_L": 128.88518562949488, "t_c": -0.09953833206956081, "phase_c": 6.00248856030215, "cos_iota": -0.9851880133189719, "psi": 2.7189037728304037, "ra": 3.449012809726059, "sin_dec": 0.4406812526389301}