{"M_c": 1.2448986499242656, "eta": 0.24214904093550946, "s1_z": -0.0051580454870540846, "s2_z": -0.03377184189343321, "lambda_1": 4829.248004404751, "lambda_2": 2962.4004643529524, "d_L": 128.88518562949488, "t_c": -0.09953833206956081, "phase_c": 6.00248856030215, "iota": 2.969263331492768, "psi": 2.7189037728304037, "ra": 3.449012809726059, "dec": 0.4563574496289367, "gmst": 2.7288923786848907}