{"seed": 5892, "f_sampling": 4096, "duration": 128, "post_trigger_duration": 2, "trigger_time": 1187008882.43, "fmin": 20, "fref": 20, "ifos": ["H1", "L1", "V1"], "outdir": "./outdir_NRTv2_binsize_500/injection_5/", "M_c": 2.2334526994252686, "q": 0.7768591164267997, "s1_z": -0.005938646635705126, "s2_z": 0.003824242410210843, "lambda_1": 2184.453160594999, "lambda_2": 4508.8891867604425, "d_L": 189.46670354200768, "t_c": -0.029680078418039144, "phase_c": 1.7883510902094606, "cos_iota": 0.3394843538040804, "psi": 2.4147227880585302, "ra": 4.707749540407958, "sin_dec": -0.3433983279565749}