{"M_c": 2.2334526994252686, "eta": 0.24605731286424043, "s1_z": -0.005938646635705126, "s2_z": 0.003824242410210843, "lambda_1": 2184.453160594999, "lambda_2": 4508.8891867604425, "d_L": 189.46670354200768, "t_c": -0.029680078418039144, "phase_c": 1.7883510902094606, "iota": 1.2244276865804116, "psi": 2.4147227880585302, "ra": 4.707749540407958, "dec": -0.3505328760374456, "gmst": 2.7288923786848907}