{"seed": 2322, "f_sampling": 4096, "duration": 128, "post_trigger_duration": 2, "trigger_time": 1187008882.43, "fmin": 20, "fref": 20, "ifos": ["H1", "L1", "V1"], "outdir": "./outdir_NRTv2_binsize_500/injection_3/", "M_c": 2.2434951225541906, "q": 0.885750409579774, "s1_z": -0.0334045629745337, "s2_z": -0.04876442711434344, "lambda_1": 3359.2065091295194, "lambda_2": 4640.810618930879, "d_L": 182.22502215301603, "t_c": -0.020792767269862705, "phase_c": 5.727294639243237, "cos_iota": -0.9782591971503363, "psi": 1.0233229022591426, "ra": 0.18094778649506493, "sin_dec": -0.5127710816909306}