{"M_c": 2.2434951225541906, "eta": 0.24908234192434436, "s1_z": -0.0334045629745337, "s2_z": -0.04876442711434344, "lambda_1": 3359.2065091295194, "lambda_2": 4640.810618930879, "d_L": 182.22502215301603, "t_c": -0.020792767269862705, "phase_c": 5.727294639243237, "iota": 2.932690571911549, "psi": 1.0233229022591426, "ra": 0.18094778649506493, "dec": -0.5384094131331779, "gmst": 2.7288923786848907}