{"seed": 1344, "f_sampling": 4096, "duration": 128, "post_trigger_duration": 2, "trigger_time": 1187008882.43, "fmin": 20, "fref": 20, "ifos": ["H1", "L1", "V1"], "outdir": "./new_slurm/injection_0/", "M_c": 1.5924751325928457, "q": 0.8972175800364632, "s1_z": -0.043244089862044144, "s2_z": 0.02545739482342292, "lambda_1": 1948.8864427283654, "lambda_2": 317.29178240391286, "d_L": 130.77527315480927, "t_c": 0.08282230687257322, "phase_c": 2.8134044961177125, "cos_iota": -0.770694829855733, "psi": 2.5364272101783993, "ra": 5.809776644677408, "sin_dec": -0.9900400600573918}