{"seed": 8103, "f_sampling": 4096, "duration": 128, "post_trigger_duration": 2, "trigger_time": 1187008882.43, "fmin": 20, "fref": 20, "ifos": ["H1", "L1", "V1"], "outdir": "./outdir_NRTv2_binsize_1000/injection_11/", "M_c": 1.1375900782924355, "q": 0.6361036125419866, "s1_z": -0.04024361326409677, "s2_z": 0.03571393492134338, "lambda_1": 879.0203119132228, "lambda_2": 4114.916621505005, "d_L": 51.83381223244969, "t_c": -0.08201210597475853, "phase_c": 4.641045374092633, "cos_iota": -0.3176586557713146, "psi": 2.5397085194300164, "ra": 1.1407033685112908, "sin_dec": 0.17476296177413575}