{"M_c": 1.1375900782924355, "eta": 0.2376327286447624, "s1_z": -0.04024361326409677, "s2_z": 0.03571393492134338, "lambda_1": 879.0203119132228, "lambda_2": 4114.916621505005, "d_L": 51.83381223244969, "t_c": -0.08201210597475853, "phase_c": 4.641045374092633, "iota": 1.8940555513462982, "psi": 2.5397085194300164, "ra": 1.1407033685112908, "dec": 0.1756650198839197, "gmst": 2.7288923786848907}