{"seed": 317, "f_sampling": 4096, "duration": 128, "post_trigger_duration": 2, "trigger_time": 1187008882.43, "fmin": 20, "fref": 20, "ifos": ["H1", "L1", "V1"], "outdir": "./outdir_TaylorF2_part2/injection_32/", "M_c": 1.9280255074664814, "q": 0.9662596407791766, "s1_z": -0.01757871572505087, "s2_z": 0.044241470775740754, "lambda_1": 1265.166695245219, "lambda_2": 2006.5245091873323, "d_L": 93.09490033592198, "t_c": 0.04679594780554755, "phase_c": 1.2890416223936108, "cos_iota": 0.9503379341646585, "psi": 2.9449481053263393, "ra": 4.029963426966654, "sin_dec": 0.04411567793482285}