{"M_c": 1.9280255074664814, "eta": 0.2499263864634415, "s1_z": -0.01757871572505087, "s2_z": 0.044241470775740754, "lambda_1": 1265.166695245219, "lambda_2": 2006.5245091873323, "d_L": 93.09490033592198, "t_c": 0.04679594780554755, "phase_c": 1.2890416223936108, "iota": 0.3164763859428171, "psi": 2.9449481053263393, "ra": 4.029963426966654, "dec": 0.04413000008574612, "gmst": 2.7288923786848907}