{"seed": 4003, "f_sampling": 4096, "duration": 128, "post_trigger_duration": 2, "trigger_time": 1187008882.43, "fmin": 20, "fref": 20, "ifos": ["H1", "L1", "V1"], "outdir": "./outdir_NRTv2_binsize_500/injection_6/", "M_c": 0.9790259208507945, "q": 0.7069243821190331, "s1_z": -0.03813104512577882, "s2_z": -0.03989968600956444, "lambda_1": 2701.630167033163, "lambda_2": 616.2789704373123, "d_L": 56.720567133441094, "t_c": -0.09324680134041115, "phase_c": 2.013388696907538, "cos_iota": 0.08831732729781394, "psi": 2.903970944653239, "ra": 1.5287107057024807, "sin_dec": -0.7364742865423191}