{"M_c": 0.9790259208507945, "eta": 0.24262994339903626, "s1_z": -0.03813104512577882, "s2_z": -0.03989968600956444, "lambda_1": 2701.630167033163, "lambda_2": 616.2789704373123, "d_L": 56.720567133441094, "t_c": -0.09324680134041115, "phase_c": 2.013388696907538, "iota": 1.4823637828353255, "psi": 2.903970944653239, "ra": 1.5287107057024807, "dec": -0.8278434996338552, "gmst": 2.7288923786848907}