{"seed": 3515, "f_sampling": 4096, "duration": 128, "post_trigger_duration": 2, "trigger_time": 1187008882.43, "fmin": 20, "fref": 20, "ifos": ["H1", "L1", "V1"], "outdir": "./outdir_NRTv2/injection_12/", "M_c": 2.285463671023499, "q": 0.9121274862574, "s1_z": -0.01477133808560243, "s2_z": -0.03815711791382538, "lambda_1": 1503.9754011504742, "lambda_2": 2779.973374893431, "d_L": 45.04236472520372, "t_c": -0.03422300562505386, "phase_c": 2.797682601428701, "cos_iota": -0.22727274761154614, "psi": 2.5425001606918656, "ra": 3.1196499234108477, "sin_dec": 0.6276492818606654}