{"M_c": 2.285463671023499, "eta": 0.24947202614075523, "s1_z": -0.01477133808560243, "s2_z": -0.03815711791382538, "lambda_1": 1503.9754011504742, "lambda_2": 2779.973374893431, "d_L": 45.04236472520372, "t_c": -0.03422300562505386, "phase_c": 2.797682601428701, "iota": 1.8000725508942415, "psi": 2.5425001606918656, "ra": 3.1196499234108477, "dec": 0.6785299598025, "gmst": 2.7288923786848907}