{"seed": 2432, "f_sampling": 4096, "duration": 128, "post_trigger_duration": 2, "trigger_time": 1187008882.43, "fmin": 20, "fref": 20, "ifos": ["H1", "L1", "V1"], "outdir": "/scratch-local/twouters2.5386826/injection_2/", "M_c": 1.1047810120545198, "q": 0.7611112744211921, "s1_z": -0.011434204108960788, "s2_z": 0.021189184624464952, "lambda_1": 1067.2791866751845, "lambda_2": 2520.5214582583103, "d_L": 57.908001342969, "t_c": -0.09505296322674546, "phase_c": 4.416583005705077, "cos_iota": -0.6738983515763923, "psi": 1.9050648291338323, "ra": 4.057753659931486, "sin_dec": 0.43077255083775845}