{"M_c": 1.1047810120545198, "eta": 0.24540000117166788, "s1_z": -0.011434204108960788, "s2_z": 0.021189184624464952, "lambda_1": 1067.2791866751845, "lambda_2": 2520.5214582583103, "d_L": 57.908001342969, "t_c": -0.09505296322674546, "phase_c": 4.416583005705077, "iota": 2.3102689295356185, "psi": 1.9050648291338323, "ra": 4.057753659931486, "dec": 0.44534865165910925, "gmst": 2.7288923786848907}