{"seed": 4941, "f_sampling": 4096, "duration": 128, "post_trigger_duration": 2, "trigger_time": 1187008882.43, "fmin": 20, "fref": 20, "ifos": ["H1", "L1", "V1"], "outdir": "./outdir_TaylorF2_part2/injection_25/", "M_c": 2.3340598296476704, "q": 0.8663069753660517, "s1_z": -0.04484955710108233, "s2_z": 0.04046381855800815, "lambda_1": 946.7158513006846, "lambda_2": 4978.74180942967, "d_L": 280.9831073791022, "t_c": 0.023628512326921827, "phase_c": 6.175576592523372, "cos_iota": -0.7009359961827055, "psi": 1.3510423228169424, "ra": 2.721216585423486, "sin_dec": -0.6554641401497145}