{"M_c": 2.3340598296476704, "eta": 0.2487171043052796, "s1_z": -0.04484955710108233, "s2_z": 0.04046381855800815, "lambda_1": 946.7158513006846, "lambda_2": 4978.74180942967, "d_L": 280.9831073791022, "t_c": 0.023628512326921827, "phase_c": 6.175576592523372, "iota": 2.3475053235795076, "psi": 1.3510423228169424, "ra": 2.721216585423486, "dec": -0.714797027658142, "gmst": 2.7288923786848907}