{"seed": 4990, "f_sampling": 4096, "duration": 128, "post_trigger_duration": 2, "trigger_time": 1187008882.43, "fmin": 20, "fref": 20, "ifos": ["H1", "L1", "V1"], "outdir": "./outdir_TaylorF2_part2/injection_18/", "M_c": 2.1511421976819856, "q": 0.9893213781442498, "s1_z": 0.042181331095095045, "s2_z": -0.015041656686224328, "lambda_1": 1326.9641082475014, "lambda_2": 4421.115322767262, "d_L": 57.287118984081594, "t_c": -0.0963878029877783, "phase_c": 2.4674216854573214, "cos_iota": 0.7742081510377639, "psi": 0.38301452678091447, "ra": 2.1632754727843437, "sin_dec": -0.7298933567354862}