{"M_c": 2.1511421976819856, "eta": 0.24999279621861364, "s1_z": 0.042181331095095045, "s2_z": -0.015041656686224328, "lambda_1": 1326.9641082475014, "lambda_2": 4421.115322767262, "d_L": 57.287118984081594, "t_c": -0.0963878029877783, "phase_c": 2.4674216854573214, "iota": 0.6853332733441199, "psi": 0.38301452678091447, "ra": 2.1632754727843437, "dec": -0.8181659263064642, "gmst": 2.7288923786848907}