{"seed": 8318, "f_sampling": 4096, "duration": 128, "post_trigger_duration": 2, "trigger_time": 1187008882.43, "fmin": 20, "fref": 20, "ifos": ["H1", "L1", "V1"], "outdir": "./outdir_NRTv2/injection_2/", "M_c": 2.3481325985553134, "q": 0.7077184298926542, "s1_z": -0.02504463409274309, "s2_z": -0.0038726799138178447, "lambda_1": 393.71179582843195, "lambda_2": 724.681965330003, "d_L": 167.14385716989278, "t_c": 0.0067491987186079905, "phase_c": 4.089182983501872, "cos_iota": 0.3925352281774894, "psi": 1.4355384350403835, "ra": 2.185227965284788, "sin_dec": 0.5809589211266732}