{"M_c": 2.3481325985553134, "eta": 0.24267664071509323, "s1_z": -0.02504463409274309, "s2_z": -0.0038726799138178447, "lambda_1": 393.71179582843195, "lambda_2": 724.681965330003, "d_L": 167.14385716989278, "t_c": 0.0067491987186079905, "phase_c": 4.089182983501872, "iota": 1.1674098792319638, "psi": 1.4355384350403835, "ra": 2.185227965284788, "dec": 0.6199063289351867, "gmst": 2.7288923786848907}