{"seed": 6465, "f_sampling": 4096, "duration": 128, "post_trigger_duration": 2, "trigger_time": 1187008882.43, "fmin": 20, "fref": 20, "ifos": ["H1", "L1", "V1"], "outdir": "./outdir_TaylorF2_part2/injection_16/", "M_c": 0.9928211777403066, "q": 0.5004556143151353, "s1_z": 0.0017026330579823154, "s2_z": 0.028287013058657814, "lambda_1": 4645.655078495456, "lambda_2": 3233.5610188468845, "d_L": 206.92605872092176, "t_c": -0.056774161439576434, "phase_c": 0.19769448165433734, "cos_iota": -0.7808781962291804, "psi": 2.226004960873586, "ra": 3.2601658342006834, "sin_dec": -0.7261347492248686}