{"M_c": 0.9928211777403066, "eta": 0.22228965916391286, "s1_z": 0.0017026330579823154, "s2_z": 0.028287013058657814, "lambda_1": 4645.655078495456, "lambda_2": 3233.5610188468845, "d_L": 206.92605872092176, "t_c": -0.056774161439576434, "phase_c": 0.19769448165433734, "iota": 2.4668667376968374, "psi": 2.226004960873586, "ra": 3.2601658342006834, "dec": -0.8126833776636746, "gmst": 2.7288923786848907}