{"M_c": 1.0718178708803439, "eta": 0.24406491282740084, "s1_z": -0.016246134632590996, "s2_z": -0.04423844417344978, "lambda_1": 259.57691818805193, "lambda_2": 2914.1247297908194, "d_L": 105.46874933448036, "t_c": 0.09160044825110156, "phase_c": 4.100547786091415, "iota": 2.920749029724262, "psi": 0.787166765060988, "ra": 0.15039344639787625, "dec": -0.5355555460283846, "gmst": 2.7288923786848907}