{"seed": 1010, "f_sampling": 4096, "duration": 128, "post_trigger_duration": 2, "trigger_time": 1187008882.43, "fmin": 20, "fref": 20, "ifos": ["H1", "L1", "V1"], "outdir": "./outdir_NRTv2/injection_1/", "M_c": 2.307306735930002, "q": 0.8072558383804334, "s1_z": -0.04289202795567718, "s2_z": -0.02898000752402298, "lambda_1": 4242.442033658559, "lambda_2": 1223.6121642891273, "d_L": 214.64932857947161, "t_c": 0.011587960088287552, "phase_c": 6.171118973003545, "cos_iota": -0.9934684275543113, "psi": 0.09120447466568284, "ra": 1.2886873988784566, "sin_dec": -0.8986446963680135}