{"seed": 2734, "f_sampling": 4096, "duration": 128, "post_trigger_duration": 2, "trigger_time": 1187008882.43, "fmin": 20, "fref": 20, "ifos": ["H1", "L1", "V1"], "outdir": "./outdir_NRTv2/injection_1/", "M_c": 1.9417005910486287, "q": 0.7349941464120731, "s1_z": -0.022434406342069436, "s2_z": 0.007626256109064623, "lambda_1": 642.0564087161268, "lambda_2": 2830.093525067939, "d_L": 114.30961731950373, "t_c": 0.09943890606669095, "phase_c": 4.858205005575573, "cos_iota": 0.9873015877295259, "psi": 2.5927701116141555, "ra": 2.4932734284333016, "sin_dec": 0.35119077302370516}