{"M_c": 0.8912713986713872, "eta": 0.24755239409983185, "s1_z": 0.04309971878389861, "s2_z": 0.03756423869423901, "lambda_1": 3011.5798162812907, "lambda_2": 4732.58101760683, "d_L": 76.68670619168722, "t_c": 0.02745842724356301, "phase_c": 2.792432622248479, "iota": 2.20903322032867, "psi": 3.0728529583118043, "ra": 3.5703328686689852, "dec": 0.3192222423855305, "gmst": 2.7288923786848907}