{"M_c": 1.9417005910486287, "eta": 0.2441674977524068, "s1_z": -0.022434406342069436, "s2_z": 0.007626256109064623, "lambda_1": 642.0564087161268, "lambda_2": 2830.093525067939, "d_L": 114.30961731950373, "t_c": 0.09943890606669095, "phase_c": 4.858205005575573, "iota": 0.15953293449574105, "psi": 2.5927701116141555, "ra": 2.4932734284333016, "dec": 0.358842581244669, "gmst": 2.7288923786848907}