{"seed": 9517, "f_sampling": 4096, "duration": 128, "post_trigger_duration": 2, "trigger_time": 1187008882.43, "fmin": 20, "fref": 20, "ifos": ["H1", "L1", "V1"], "outdir": "./outdir_NRTv2_binsize_1000/injection_27/", "M_c": 2.0841396123656692, "q": 0.5351457001499593, "s1_z": 0.01196396462081202, "s2_z": -0.04496926819108024, "lambda_1": 4505.976462061424, "lambda_2": 2071.971888123295, "d_L": 175.3910358498263, "t_c": -0.08949111262698756, "phase_c": 0.7277292184500511, "cos_iota": -0.738799868449411, "psi": 2.2229374213919866, "ra": 1.8023037813958065, "sin_dec": 0.900685974579365}