{"M_c": 2.0841396123656692, "eta": 0.22707683857954597, "s1_z": 0.01196396462081202, "s2_z": -0.04496926819108024, "lambda_1": 4505.976462061424, "lambda_2": 2071.971888123295, "d_L": 175.3910358498263, "t_c": -0.08949111262698756, "phase_c": 0.7277292184500511, "iota": 2.40208413344119, "psi": 2.2229374213919866, "ra": 1.8023037813958065, "dec": 1.1213458144185324, "gmst": 2.7288923786848907}