{"seed": 6024, "f_sampling": 4096, "duration": 128, "post_trigger_duration": 2, "trigger_time": 1187008882.43, "fmin": 20, "fref": 20, "ifos": ["H1", "L1", "V1"], "outdir": "./outdir_NRTv2/injection_7/", "M_c": 2.258514566674, "q": 0.6340142014604933, "s1_z": 0.039354224847852684, "s2_z": -0.04589630769245994, "lambda_1": 875.0400006434384, "lambda_2": 2172.1204460994813, "d_L": 87.36935305548359, "t_c": 0.07250138441496234, "phase_c": 2.926751445920679, "cos_iota": 0.9992405382307006, "psi": 2.4507341903207918, "ra": 5.909626508448559, "sin_dec": 0.38610663962034386}