{"M_c": 2.258514566674, "eta": 0.2374582880335513, "s1_z": 0.039354224847852684, "s2_z": -0.04589630769245994, "lambda_1": 875.0400006434384, "lambda_2": 2172.1204460994813, "d_L": 87.36935305548359, "t_c": 0.07250138441496234, "phase_c": 2.926751445920679, "iota": 0.03897583659489483, "psi": 2.4507341903207918, "ra": 5.909626508448559, "dec": 0.3964071907596418, "gmst": 2.7288923786848907}