{"seed": 6839, "f_sampling": 4096, "duration": 128, "post_trigger_duration": 2, "trigger_time": 1187008882.43, "fmin": 20, "fref": 20, "ifos": ["H1", "L1", "V1"], "outdir": "./outdir_TaylorF2_part2/injection_15/", "M_c": 2.3221369900508577, "q": 0.6359381761803328, "s1_z": 0.02295734964892472, "s2_z": 0.04405474630630868, "lambda_1": 364.3760652774836, "lambda_2": 4348.118763991541, "d_L": 239.72031117276268, "t_c": 0.050188216056963914, "phase_c": 2.215445331925686, "cos_iota": 0.9516153870320996, "psi": 2.643197167394707, "ra": 5.735311662974012, "sin_dec": -0.49368252440281024}