{"M_c": 2.3221369900508577, "eta": 0.23761897743543234, "s1_z": 0.02295734964892472, "s2_z": 0.04405474630630868, "lambda_1": 364.3760652774836, "lambda_2": 4348.118763991541, "d_L": 239.72031117276268, "t_c": 0.050188216056963914, "phase_c": 2.215445331925686, "iota": 0.31234565916253104, "psi": 2.643197167394707, "ra": 5.735311662974012, "dec": -0.5163192162328673, "gmst": 2.7288923786848907}