{"seed": 4039, "f_sampling": 4096, "duration": 128, "post_trigger_duration": 2, "trigger_time": 1187008882.43, "fmin": 20, "fref": 20, "ifos": ["H1", "L1", "V1"], "outdir": "./outdir_TaylorF2_part2/injection_5/", "M_c": 2.214678068439288, "q": 0.9947663667578115, "s1_z": -0.03681108533553974, "s2_z": -0.01134428397539259, "lambda_1": 4345.289224130494, "lambda_2": 3612.3663939222324, "d_L": 181.12235034713967, "t_c": -0.03757202848134018, "phase_c": 1.3345771025487996, "cos_iota": 0.46632201390014294, "psi": 0.7788118269425519, "ra": 4.817896869704881, "sin_dec": 0.3469984470067293}