{"M_c": 2.214678068439288, "eta": 0.24999827907277541, "s1_z": -0.03681108533553974, "s2_z": -0.01134428397539259, "lambda_1": 4345.289224130494, "lambda_2": 3612.3663939222324, "d_L": 181.12235034713967, "t_c": -0.03757202848134018, "phase_c": 1.3345771025487996, "iota": 1.085667852150675, "psi": 0.7788118269425519, "ra": 4.817896869704881, "dec": 0.35436879300296664, "gmst": 2.7288923786848907}