{"seed": 7886, "f_sampling": 4096, "duration": 128, "post_trigger_duration": 2, "trigger_time": 1187008882.43, "fmin": 20, "fref": 20, "ifos": ["H1", "L1", "V1"], "outdir": "./outdir_TaylorF2_part2/injection_29/", "M_c": 1.6819829747883044, "q": 0.5708799237431705, "s1_z": 0.010174349080290732, "s2_z": 0.02605499455659349, "lambda_1": 4936.3017615519, "lambda_2": 2543.9863014824955, "d_L": 219.3284529614778, "t_c": -0.07533119432598057, "phase_c": 4.717558440606291, "cos_iota": 0.4828604411442281, "psi": 0.18977531391698563, "ra": 0.6657225065670856, "sin_dec": 0.42221596389775473}