{"M_c": 1.6819829747883044, "eta": 0.23134429366850628, "s1_z": 0.010174349080290732, "s2_z": 0.02605499455659349, "lambda_1": 4936.3017615519, "lambda_2": 2543.9863014824955, "d_L": 219.3284529614778, "t_c": -0.07533119432598057, "phase_c": 4.717558440606291, "iota": 1.0668780725754616, "psi": 0.18977531391698563, "ra": 0.6657225065670856, "dec": 0.43588847235728334, "gmst": 2.7288923786848907}