{"seed": 337, "f_sampling": 4096, "duration": 128, "post_trigger_duration": 2, "trigger_time": 1187008882.43, "fmin": 20, "fref": 20, "ifos": ["H1", "L1", "V1"], "outdir": "./outdir_NRTv2/injection_18/", "M_c": 1.804343191352193, "q": 0.5782831629831591, "s1_z": -0.02388010149439317, "s2_z": 0.04984472090147821, "lambda_1": 1278.902100688315, "lambda_2": 1693.5655358494462, "d_L": 104.15266873416078, "t_c": -0.03723355172669389, "phase_c": 1.9973462621038494, "cos_iota": -0.9310749807684937, "psi": 0.7352613931135435, "ra": 1.077942154433028, "sin_dec": -0.37131975839315756}