{"M_c": 1.804343191352193, "eta": 0.23215107590232897, "s1_z": -0.02388010149439317, "s2_z": 0.04984472090147821, "lambda_1": 1278.902100688315, "lambda_2": 1693.5655358494462, "d_L": 104.15266873416078, "t_c": -0.03723355172669389, "phase_c": 1.9973462621038494, "iota": 2.7681447215060198, "psi": 0.7352613931135435, "ra": 1.077942154433028, "dec": -0.38042999729756966, "gmst": 2.7288923786848907}