{"seed": 42, "f_sampling": 4096, "duration": 128, "post_trigger_duration": 2, "trigger_time": 1187008882.43, "fmin": 20, "fref": 20, "ifos": ["H1", "L1", "V1"], "outdir": "./outdir_TaylorF2_part2/injection_12/", "M_c": 1.419329402173132, "q": 0.6436859353192955, "s1_z": 0.03510641022621895, "s2_z": -0.017851728503653345, "lambda_1": 4733.652411173393, "lambda_2": 3428.040354478799, "d_L": 39.474325276629145, "t_c": 0.022797097096743976, "phase_c": 0.6415411587729459, "cos_iota": 0.7478540803060139, "psi": 3.0356520311783686, "ra": 3.634663891645537, "sin_dec": -0.11966946288791869}