{"M_c": 1.419329402173132, "eta": 0.2382518830385612, "s1_z": 0.03510641022621895, "s2_z": -0.017851728503653345, "lambda_1": 4733.652411173393, "lambda_2": 3428.040354478799, "d_L": 39.474325276629145, "t_c": 0.022797097096743976, "phase_c": 0.6415411587729459, "iota": 0.7259726334534777, "psi": 3.0356520311783686, "ra": 3.634663891645537, "dec": -0.11995694609361902, "gmst": 2.7288923786848907}