{"seed": 9885, "f_sampling": 4096, "duration": 128, "post_trigger_duration": 2, "trigger_time": 1187008882.43, "fmin": 20, "fref": 20, "ifos": ["H1", "L1", "V1"], "outdir": "./outdir_TaylorF2_part2/injection_35/", "M_c": 1.362573650256096, "q": 0.6289108349298149, "s1_z": 0.04415164521821316, "s2_z": 0.01136866624634044, "lambda_1": 4658.230849711885, "lambda_2": 2259.775743956744, "d_L": 35.99345677270182, "t_c": 0.06345573853611472, "phase_c": 4.068938726354428, "cos_iota": 0.2770145602295595, "psi": 3.018247523026381, "ra": 1.2176301128902767, "sin_dec": -0.5764108976384847}