{"M_c": 1.362573650256096, "eta": 0.23702516233631624, "s1_z": 0.04415164521821316, "s2_z": 0.01136866624634044, "lambda_1": 4658.230849711885, "lambda_2": 2259.775743956744, "d_L": 35.99345677270182, "t_c": 0.06345573853611472, "phase_c": 4.068938726354428, "iota": 1.2901106465977625, "psi": 3.018247523026381, "ra": 1.2176301128902767, "dec": -0.6143296855204344, "gmst": 2.7288923786848907}