{"seed": 4908, "f_sampling": 4096, "duration": 128, "post_trigger_duration": 2, "trigger_time": 1187008882.43, "fmin": 20, "fref": 20, "ifos": ["H1", "L1", "V1"], "outdir": "./outdir_TaylorF2_part2/injection_44/", "M_c": 2.280113577821464, "q": 0.6761770907388014, "s1_z": -0.048227345306468695, "s2_z": 0.026188075178921508, "lambda_1": 1093.8773717017837, "lambda_2": 2104.355454530326, "d_L": 121.5247017437948, "t_c": -0.06064533364988767, "phase_c": 2.6211907599065554, "cos_iota": -0.10174487271043575, "psi": 2.616309961181689, "ra": 0.6194742177116883, "sin_dec": 0.42098805839682285}