{"M_c": 2.280113577821464, "eta": 0.24066927590194995, "s1_z": -0.048227345306468695, "s2_z": 0.026188075178921508, "lambda_1": 1093.8773717017837, "lambda_2": 2104.355454530326, "d_L": 121.5247017437948, "t_c": -0.06064533364988767, "phase_c": 2.6211907599065554, "iota": 1.6727175664810638, "psi": 2.616309961181689, "ra": 0.6194742177116883, "dec": 0.4345343353784675, "gmst": 2.7288923786848907}