{"seed": 7443, "f_sampling": 4096, "duration": 128, "post_trigger_duration": 2, "trigger_time": 1187008882.43, "fmin": 20, "fref": 20, "ifos": ["H1", "L1", "V1"], "outdir": "./outdir/injection_2/", "M_c": 0.9866638200653302, "q": 0.5336814679825922, "s1_z": 0.01608912318972651, "s2_z": 0.028808223932922053, "lambda_1": 136.09129823802192, "lambda_2": 4551.127384886272, "d_L": 160.12413142531517, "t_c": -0.07481808594659418, "phase_c": 0.842485894712891, "cos_iota": 0.5488801521624112, "psi": 2.4084445746788523, "ra": 3.20026543339646, "sin_dec": -0.5165450152363624}