{"M_c": 1.0723857435550466, "eta": 0.2481775879317225, "s1_z": 0.011395302104752994, "s2_z": 0.05, "lambda_1": 5000.0, "lambda_2": 5000.0, "d_L": 300.0, "t_c": 0.1, "phase_c": 6.283185307179586, "iota": 3.141592653589793, "psi": 2.6408091997105254, "ra": 6.092526668902898, "dec": -0.4395521180518503, "gmst": 2.7288923786848907}