{"seed": 7383, "f_sampling": 4096, "duration": 128, "post_trigger_duration": 2, "trigger_time": 1187008882.43, "fmin": 20, "fref": 20, "ifos": ["H1", "L1", "V1"], "outdir": "./outdir_NRTv2_binsize_1000/injection_1/", "M_c": 2.156612652517363, "q": 0.7903904163742628, "s1_z": -0.015021816341937944, "s2_z": -0.010014131142794494, "lambda_1": 2033.3942136148469, "lambda_2": 2912.1904893572455, "d_L": 98.9020572116383, "t_c": 0.050566759718905646, "phase_c": 6.131011734110062, "cos_iota": -0.7309385527019951, "psi": 1.9646471450886531, "ra": 3.8848005268563, "sin_dec": -0.439283243183324}