{"M_c": 2.156612652517363, "eta": 0.24657337333395135, "s1_z": -0.015021816341937944, "s2_z": -0.010014131142794494, "lambda_1": 2033.3942136148469, "lambda_2": 2912.1904893572455, "d_L": 98.9020572116383, "t_c": 0.050566759718905646, "phase_c": 6.131011734110062, "iota": 2.3904925495294336, "psi": 1.9646471450886531, "ra": 3.8848005268563, "dec": -0.4548006571736751, "gmst": 2.7288923786848907}