{"seed": 2376, "f_sampling": 4096, "duration": 128, "post_trigger_duration": 2, "trigger_time": 1187008882.43, "fmin": 20, "fref": 20, "ifos": ["H1", "L1", "V1"], "outdir": "./outdir_NRTv2/injection_14/", "M_c": 1.887600609064804, "q": 0.8137100490855078, "s1_z": -0.005495509964558588, "s2_z": 0.0014213720123845489, "lambda_1": 4979.008361301614, "lambda_2": 4292.161023641729, "d_L": 81.54425467566247, "t_c": -0.0999062148897143, "phase_c": 0.3174506649583237, "cos_iota": 0.336139366595666, "psi": 0.4391196787870764, "ra": 2.158649382892551, "sin_dec": 0.418511341396145}