{"M_c": 1.887600609064804, "eta": 0.2473625566102753, "s1_z": -0.005495509964558588, "s2_z": 0.0014213720123845489, "lambda_1": 4979.008361301614, "lambda_2": 4292.161023641729, "d_L": 81.54425467566247, "t_c": -0.0999062148897143, "phase_c": 0.3174506649583237, "iota": 1.227981597667528, "psi": 0.4391196787870764, "ra": 2.158649382892551, "dec": 0.4318055899144834, "gmst": 2.7288923786848907}