{"seed": 3145, "f_sampling": 4096, "duration": 128, "post_trigger_duration": 2, "trigger_time": 1187008882.43, "fmin": 20, "fref": 20, "ifos": ["H1", "L1", "V1"], "outdir": "./outdir_NRTv2/injection_1/", "M_c": 2.1785711998821213, "q": 0.7365166381098327, "s1_z": 0.030982806785124217, "s2_z": -0.0014920004092781741, "lambda_1": 191.804067658356, "lambda_2": 4418.852300764802, "d_L": 179.62568751923286, "t_c": -0.0330769867141215, "phase_c": 3.226361943665466, "cos_iota": -0.8185463560084227, "psi": 1.398776616525108, "ra": 3.6912846065753193, "sin_dec": 0.003965587161461226}