{"M_c": 2.1785711998821213, "eta": 0.24424442783757905, "s1_z": 0.030982806785124217, "s2_z": -0.0014920004092781741, "lambda_1": 191.804067658356, "lambda_2": 4418.852300764802, "d_L": 179.62568751923286, "t_c": -0.0330769867141215, "phase_c": 3.226361943665466, "iota": 2.5296722249731345, "psi": 1.398776616525108, "ra": 3.6912846065753193, "dec": 0.0039655975552604335, "gmst": 2.7288923786848907}