{"seed": 2579, "f_sampling": 4096, "duration": 128, "post_trigger_duration": 2, "trigger_time": 1187008882.43, "fmin": 20, "fref": 20, "ifos": ["H1", "L1", "V1"], "outdir": "./outdir_NRTv2_binsize_1000/injection_25/", "M_c": 1.6680758967004516, "q": 0.7232798577499198, "s1_z": 0.01941621770270964, "s2_z": 0.015636151197235576, "lambda_1": 627.9583089397566, "lambda_2": 3658.390984414768, "d_L": 250.40278775982947, "t_c": 0.06549458311932532, "phase_c": 6.096203223347884, "cos_iota": -0.8592407740619381, "psi": 0.16503319754929718, "ra": 2.788156278948172, "sin_dec": -0.797565055275872}