{"M_c": 1.6680758967004516, "eta": 0.2435537086614523, "s1_z": 0.01941621770270964, "s2_z": 0.015636151197235576, "lambda_1": 627.9583089397566, "lambda_2": 3658.390984414768, "d_L": 250.40278775982947, "t_c": 0.06549458311932532, "phase_c": 6.096203223347884, "iota": 2.604580038839452, "psi": 0.16503319754929718, "ra": 2.788156278948172, "dec": -0.9232478863258115, "gmst": 2.7288923786848907}