{"seed": 5954, "f_sampling": 4096, "duration": 128, "post_trigger_duration": 2, "trigger_time": 1187008882.43, "fmin": 20, "fref": 20, "ifos": ["H1", "L1", "V1"], "outdir": "./outdir_TaylorF2_part2/injection_47/", "M_c": 2.2723020986390186, "q": 0.6099464262557897, "s1_z": 0.009571710814324084, "s2_z": -0.043048514459902355, "lambda_1": 196.43001391495218, "lambda_2": 1281.8810685352778, "d_L": 39.46072330364709, "t_c": 0.050866345890844905, "phase_c": 3.78484867464337, "cos_iota": -0.8623982072670835, "psi": 2.803935677061072, "ra": 1.3665975457924597, "sin_dec": 0.9957112766988574}