{"M_c": 2.2723020986390186, "eta": 0.2353254199182044, "s1_z": 0.009571710814324084, "s2_z": -0.043048514459902355, "lambda_1": 196.43001391495218, "lambda_2": 1281.8810685352778, "d_L": 39.46072330364709, "t_c": 0.050866345890844905, "phase_c": 3.78484867464337, "iota": 2.6107844349055664, "psi": 2.803935677061072, "ra": 1.3665975457924597, "dec": 1.478148689625979, "gmst": 2.7288923786848907}