{"seed": 6712, "f_sampling": 4096, "duration": 128, "post_trigger_duration": 2, "trigger_time": 1187008882.43, "fmin": 20, "fref": 20, "ifos": ["H1", "L1", "V1"], "outdir": "./outdir_NRTv2_binsize_1000/injection_13/", "M_c": 1.9769684782629553, "q": 0.6488679654426988, "s1_z": 0.026094330463962534, "s2_z": 0.016184090899239195, "lambda_1": 2308.6398825676847, "lambda_2": 3900.3809681432026, "d_L": 245.42105470106063, "t_c": -0.04835605777028549, "phase_c": 2.1624399437012554, "cos_iota": -0.6033585336265157, "psi": 2.5390990359927486, "ra": 2.137292469567597, "sin_dec": 0.6577992914816087}