{"M_c": 1.9769684782629553, "eta": 0.23866271266932054, "s1_z": 0.026094330463962534, "s2_z": 0.016184090899239195, "lambda_1": 2308.6398825676847, "lambda_2": 3900.3809681432026, "d_L": 245.42105470106063, "t_c": -0.04835605777028549, "phase_c": 2.1624399437012554, "iota": 2.218502245160843, "psi": 2.5390990359927486, "ra": 2.137292469567597, "dec": 0.7178931814423287, "gmst": 2.7288923786848907}