{"seed": 1446, "f_sampling": 4096, "duration": 256, "post_trigger_duration": 2, "trigger_time": 1187008882.43, "fmin": 20, "fref": 20, "ifos": ["H1", "L1", "V1"], "outdir": "./outdir_TaylorF2_part2/injection_14/", "M_c": 1.9568677619484602, "q": 0.8774162003394455, "s1_z": 0.009735110398633173, "s2_z": 0.048980590878307986, "lambda_1": 1064.683599128085, "lambda_2": 3723.7220879878337, "d_L": 126.18218167071768, "t_c": -0.023603896693900103, "phase_c": 3.238585218011449, "cos_iota": -0.87723200939735, "psi": 0.5161579022094159, "ra": 5.978101120559757, "sin_dec": -0.01944622347454361}