{"seed": 5595, "f_sampling": 4096, "duration": 128, "post_trigger_duration": 2, "trigger_time": 1187008882.43, "fmin": 20, "fref": 20, "ifos": ["H1", "L1", "V1"], "outdir": "./outdir_TaylorF2_part2/injection_49/", "M_c": 2.5673541523716823, "q": 0.7254298998734491, "s1_z": 0.014151380389262253, "s2_z": -0.004509773297068108, "lambda_1": 3380.655319400917, "lambda_2": 3124.187674163607, "d_L": 190.4866132238845, "t_c": 0.029934585380376133, "phase_c": 4.344417409882387, "cos_iota": 0.8728788270832815, "psi": 1.8714187537425275, "ra": 1.249461623280604, "sin_dec": 0.1383076739850415}