{"M_c": 2.5673541523716823, "eta": 0.2436692982510612, "s1_z": 0.014151380389262253, "s2_z": -0.004509773297068108, "lambda_1": 3380.655319400917, "lambda_2": 3124.187674163607, "d_L": 190.4866132238845, "t_c": 0.029934585380376133, "phase_c": 4.344417409882387, "iota": 0.5097247874788075, "psi": 1.8714187537425275, "ra": 1.249461623280604, "dec": 0.13875246168989602, "gmst": 2.7288923786848907}