{"seed": 9272, "f_sampling": 4096, "duration": 128, "post_trigger_duration": 2, "trigger_time": 1187008882.43, "fmin": 20, "fref": 20, "ifos": ["H1", "L1", "V1"], "outdir": "./outdir_NRTv2_binsize_1000/injection_2/", "M_c": 0.9844393646309403, "q": 0.7444982632467293, "s1_z": 0.014453233022560047, "s2_z": -0.03427803780966491, "lambda_1": 1771.5879391264916, "lambda_2": 1717.038412887244, "d_L": 33.68864494366419, "t_c": 0.07409519888482005, "phase_c": 2.494815978863731, "cos_iota": -0.6986563028401722, "psi": 3.0324657303922424, "ra": 1.304883568993866, "sin_dec": 0.12469307657404216}