{"M_c": 0.9844393646309403, "eta": 0.24463726126877203, "s1_z": 0.014453233022560047, "s2_z": -0.03427803780966491, "lambda_1": 1771.5879391264916, "lambda_2": 1717.038412887244, "d_L": 33.68864494366419, "t_c": 0.07409519888482005, "phase_c": 2.494815978863731, "iota": 2.3443140017998894, "psi": 3.0324657303922424, "ra": 1.304883568993866, "dec": 0.12501848745540067, "gmst": 2.7288923786848907}