{"seed": 4440, "f_sampling": 4096, "duration": 128, "post_trigger_duration": 2, "trigger_time": 1187008882.43, "fmin": 20, "fref": 20, "ifos": ["H1", "L1", "V1"], "outdir": "./outdir_TaylorF2_part2/injection_11/", "M_c": 1.7651425002169847, "q": 0.9126046512049006, "s1_z": -0.030539507453606618, "s2_z": -0.0053931227196192255, "lambda_1": 3445.3848743179283, "lambda_2": 395.232323344753, "d_L": 150.692493669153, "t_c": -0.002340070579086556, "phase_c": 1.0888660125361473, "cos_iota": 0.34228377390888975, "psi": 1.6321549216635824, "ra": 4.839125297969434, "sin_dec": -0.4645567245340061}