{"M_c": 1.7651425002169847, "eta": 0.24947800513176618, "s1_z": -0.030539507453606618, "s2_z": -0.0053931227196192255, "lambda_1": 3445.3848743179283, "lambda_2": 395.232323344753, "d_L": 150.692493669153, "t_c": -0.002340070579086556, "phase_c": 1.0888660125361473, "iota": 1.2214499122603582, "psi": 1.6321549216635824, "ra": 4.839125297969434, "dec": -0.4831339765574749, "gmst": 2.7288923786848907}