{"seed": 9960, "f_sampling": 4096, "duration": 128, "post_trigger_duration": 2, "trigger_time": 1187008882.43, "fmin": 20, "fref": 20, "ifos": ["H1", "L1", "V1"], "outdir": "./outdir_TaylorF2_part2/injection_24/", "M_c": 1.5357986131188994, "q": 0.9571809212981839, "s1_z": 0.049019137621401115, "s2_z": -0.04829409026052738, "lambda_1": 285.9385795089908, "lambda_2": 1551.161510366621, "d_L": 150.21751698008956, "t_c": -5.5966453116257364e-05, "phase_c": 0.37445999572591276, "cos_iota": 0.250630001612673, "psi": 2.28716754048381, "ra": 1.7297699041381467, "sin_dec": -0.8953008822143853}