{"M_c": 1.5357986131188994, "eta": 0.24988033898040712, "s1_z": 0.049019137621401115, "s2_z": -0.04829409026052738, "lambda_1": 285.9385795089908, "lambda_2": 1551.161510366621, "d_L": 150.21751698008956, "t_c": -5.5966453116257364e-05, "phase_c": 0.37445999572591276, "iota": 1.3174653540741603, "psi": 2.28716754048381, "ra": 1.7297699041381467, "dec": -1.109106183662452, "gmst": 2.7288923786848907}