{"seed": 9638, "f_sampling": 4096, "duration": 128, "post_trigger_duration": 2, "trigger_time": 1187008882.43, "fmin": 20, "fref": 20, "ifos": ["H1", "L1", "V1"], "outdir": "./outdir/injection_0/", "M_c": 1.915036418836428, "q": 0.5717475736680961, "s1_z": 0.03946638884396088, "s2_z": -0.030006829881219534, "lambda_1": 4559.958846788294, "lambda_2": 2409.493979689164, "d_L": 136.5657530913236, "t_c": 0.06090429084996643, "phase_c": 4.22747548296327, "cos_iota": 0.4728779770566338, "psi": 2.206695829014143, "ra": 0.053785870547793144, "sin_dec": 0.644311899920913}