{"seed": 1346, "f_sampling": 4096, "duration": 128, "post_trigger_duration": 2, "trigger_time": 1187008882.43, "fmin": 20, "fref": 20, "ifos": ["H1", "L1", "V1"], "outdir": "./outdir_TaylorF2_part2/injection_45/", "M_c": 2.2870231613822756, "q": 0.5023403625188594, "s1_z": 0.02160263889335809, "s2_z": -0.04814980454968185, "lambda_1": 891.87072583506, "lambda_2": 1682.9453585430704, "d_L": 121.4564254902128, "t_c": 0.09614525325158485, "phase_c": 4.858249022329767, "cos_iota": -0.5828616838145317, "psi": 0.3930186150431248, "ra": 3.119785402022851, "sin_dec": 0.7890016312710584}