{"M_c": 2.2870231613822756, "eta": 0.22256732390365574, "s1_z": 0.02160263889335809, "s2_z": -0.04814980454968185, "lambda_1": 891.87072583506, "lambda_2": 1682.9453585430704, "d_L": 121.4564254902128, "t_c": 0.09614525325158485, "phase_c": 4.858249022329767, "iota": 2.1930423505717607, "psi": 0.3930186150431248, "ra": 3.119785402022851, "dec": 0.9091823250146279, "gmst": 2.7288923786848907}