{"seed": 7121, "f_sampling": 4096, "duration": 128, "post_trigger_duration": 2, "trigger_time": 1187008882.43, "fmin": 20, "fref": 20, "ifos": ["H1", "L1", "V1"], "outdir": "./outdir_NRTv2/injection_7/", "M_c": 1.2460266746025006, "q": 0.7182875510400981, "s1_z": -0.04594199827440401, "s2_z": -0.0036555982833749584, "lambda_1": 2036.1453854062784, "lambda_2": 1929.8843322444309, "d_L": 101.0090828968137, "t_c": -0.021863159508447666, "phase_c": 2.6762266556798218, "cos_iota": -0.4418801282277116, "psi": 0.7469312720959841, "ra": 1.4204412071747086, "sin_dec": -0.27111584553271295}