{"M_c": 1.2460266746025006, "eta": 0.24328013730389506, "s1_z": -0.04594199827440401, "s2_z": -0.0036555982833749584, "lambda_1": 2036.1453854062784, "lambda_2": 1929.8843322444309, "d_L": 101.0090828968137, "t_c": -0.021863159508447666, "phase_c": 2.6762266556798218, "iota": 2.0284897659346646, "psi": 0.7469312720959841, "ra": 1.4204412071747086, "dec": -0.27455210628158433, "gmst": 2.7288923786848907}