{"seed": 2428, "f_sampling": 4096, "duration": 128, "post_trigger_duration": 2, "trigger_time": 1187008882.43, "fmin": 20, "fref": 20, "ifos": ["H1", "L1", "V1"], "outdir": "./outdir_NRTv2/injection_6/", "M_c": 1.0766536862013258, "q": 0.8510546972537685, "s1_z": -0.02427552938960821, "s2_z": 0.01108419957227258, "lambda_1": 2625.0277756323662, "lambda_2": 4680.576145190978, "d_L": 115.19053862495917, "t_c": -0.08290810471250545, "phase_c": 1.090088089403756, "cos_iota": 0.880403687701693, "psi": 1.5117568766488252, "ra": 0.3090092841684804, "sin_dec": 0.09778777064342359}