{"M_c": 1.0766536862013258, "eta": 0.2483813418894983, "s1_z": -0.02427552938960821, "s2_z": 0.01108419957227258, "lambda_1": 2625.0277756323662, "lambda_2": 4680.576145190978, "d_L": 115.19053862495917, "t_c": -0.08290810471250545, "phase_c": 1.090088089403756, "iota": 0.49408354008082644, "psi": 1.5117568766488252, "ra": 0.3090092841684804, "dec": 0.09794429353058814, "gmst": 2.7288923786848907}