{"seed": 4203, "f_sampling": 4096, "duration": 128, "post_trigger_duration": 2, "trigger_time": 1187008882.43, "fmin": 20, "fref": 20, "ifos": ["H1", "L1", "V1"], "outdir": "./outdir_TaylorF2_part2/injection_34/", "M_c": 1.4712591765453502, "q": 0.8307226005159665, "s1_z": -0.02377653720857087, "s2_z": 0.04998736555086129, "lambda_1": 1958.280208917767, "lambda_2": 3369.916547784547, "d_L": 120.53151509954877, "t_c": 0.008734585360841887, "phase_c": 4.494856269600141, "cos_iota": -0.4263584349893905, "psi": 2.144257739663397, "ra": 3.1940871163356372, "sin_dec": 0.4389392102541163}