{"M_c": 1.4712591765453502, "eta": 0.24786256518084956, "s1_z": -0.02377653720857087, "s2_z": 0.04998736555086129, "lambda_1": 1958.280208917767, "lambda_2": 3369.916547784547, "d_L": 120.53151509954877, "t_c": 0.008734585360841887, "phase_c": 4.494856269600141, "iota": 2.0112594545621194, "psi": 2.144257739663397, "ra": 3.1940871163356372, "dec": 0.4544177315190295, "gmst": 2.7288923786848907}