{"seed": 9526, "f_sampling": 4096, "duration": 128, "post_trigger_duration": 2, "trigger_time": 1187008882.43, "fmin": 20, "fref": 20, "ifos": ["H1", "L1", "V1"], "outdir": "./outdir_NRTv2/injection_3/", "M_c": 2.100292928575151, "q": 0.5614303477171441, "s1_z": 0.00782364414011387, "s2_z": 0.018738361784984517, "lambda_1": 2250.9146183666066, "lambda_2": 166.49758730415522, "d_L": 275.843491284836, "t_c": 0.03308253510615944, "phase_c": 0.7026558069048983, "cos_iota": 0.8476345220656749, "psi": 1.6886182972455344, "ra": 3.020636920961736, "sin_dec": -0.6945202351015729}