{"M_c": 2.100292928575151, "eta": 0.2302770474594214, "s1_z": 0.00782364414011387, "s2_z": 0.018738361784984517, "lambda_1": 2250.9146183666066, "lambda_2": 166.49758730415522, "d_L": 275.843491284836, "t_c": 0.03308253510615944, "phase_c": 0.7026558069048983, "iota": 0.5592853213045618, "psi": 1.6886182972455344, "ra": 3.020636920961736, "dec": -0.7677528579337771, "gmst": 2.7288923786848907}