{"seed": 3576, "f_sampling": 4096, "duration": 128, "post_trigger_duration": 2, "trigger_time": 1187008882.43, "fmin": 20, "fref": 20, "ifos": ["H1", "L1", "V1"], "outdir": "./outdir_NRTv2_binsize_1000/injection_19/", "M_c": 1.5358762561999026, "q": 0.5145085374517105, "s1_z": -0.04202542790481956, "s2_z": -0.019511658238680275, "lambda_1": 186.3153282299479, "lambda_2": 4471.697912631393, "d_L": 84.03516456305658, "t_c": 0.06071586124483028, "phase_c": 5.005453734832514, "cos_iota": -0.3305691510947557, "psi": 2.4584411745487675, "ra": 5.805154194004315, "sin_dec": -0.26775894082912655}