{"M_c": 1.5358762561999026, "eta": 0.22431025749014497, "s1_z": -0.04202542790481956, "s2_z": -0.019511658238680275, "lambda_1": 186.3153282299479, "lambda_2": 4471.697912631393, "d_L": 84.03516456305658, "t_c": 0.06071586124483028, "phase_c": 5.005453734832514, "iota": 1.9077028920130334, "psi": 2.4584411745487675, "ra": 5.805154194004315, "dec": -0.2710662865742467, "gmst": 2.7288923786848907}