{"seed": 5797, "f_sampling": 4096, "duration": 128, "post_trigger_duration": 2, "trigger_time": 1187008882.43, "fmin": 20, "fref": 20, "ifos": ["H1", "L1", "V1"], "outdir": "./outdir_NRTv2/injection_18/", "M_c": 2.518921628367593, "q": 0.6731667169333884, "s1_z": -0.021420396032560143, "s2_z": 0.01957784048804026, "lambda_1": 3009.434637807154, "lambda_2": 2849.6719426620043, "d_L": 213.49500180641917, "t_c": -0.01143702706256551, "phase_c": 2.2326638329538415, "cos_iota": -0.7002044255231317, "psi": 0.08435955098748901, "ra": 5.245853718587244, "sin_dec": 0.8610820863866842}