{"M_c": 2.518921628367593, "eta": 0.2404607522591797, "s1_z": -0.021420396032560143, "s2_z": 0.01957784048804026, "lambda_1": 3009.434637807154, "lambda_2": 2849.6719426620043, "d_L": 213.49500180641917, "t_c": -0.01143702706256551, "phase_c": 2.2326638329538415, "iota": 2.346480116568553, "psi": 0.08435955098748901, "ra": 5.245853718587244, "dec": 1.0373939922004163, "gmst": 2.7288923786848907}