{"seed": 2016, "f_sampling": 4096, "duration": 128, "post_trigger_duration": 2, "trigger_time": 1187008882.43, "fmin": 20, "fref": 20, "ifos": ["H1", "L1", "V1"], "outdir": "./outdir_TaylorF2_part2/injection_3/", "M_c": 1.6185750847966163, "q": 0.8717847077727292, "s1_z": -0.022319087659665317, "s2_z": 0.04039507877254009, "lambda_1": 3367.1835484997564, "lambda_2": 3443.613840449562, "d_L": 100.44800445173152, "t_c": 0.09599081598008072, "phase_c": 6.061142349260613, "cos_iota": -0.9269060441726267, "psi": 2.150820129213731, "ra": 4.2811466893795, "sin_dec": -0.3624178964677829}