{"M_c": 1.6185750847966163, "eta": 0.24882697336856213, "s1_z": -0.022319087659665317, "s2_z": 0.04039507877254009, "lambda_1": 3367.1835484997564, "lambda_2": 3443.613840449562, "d_L": 100.44800445173152, "t_c": 0.09599081598008072, "phase_c": 6.061142349260613, "iota": 2.7568792917352227, "psi": 2.150820129213731, "ra": 4.2811466893795, "dec": -0.3708608549316065, "gmst": 2.7288923786848907}