{"seed": 8831, "f_sampling": 4096, "duration": 128, "post_trigger_duration": 2, "trigger_time": 1187008882.43, "fmin": 20, "fref": 20, "ifos": ["H1", "L1", "V1"], "outdir": "./outdir_NRTv2/injection_17/", "M_c": 1.2053451882160573, "q": 0.771280448633527, "s1_z": -0.047562124712606346, "s2_z": -0.03100235743611668, "lambda_1": 1374.257756207487, "lambda_2": 17.076296228462628, "d_L": 100.3528232847014, "t_c": -0.031837997478010235, "phase_c": 0.9030660054994608, "cos_iota": -0.2146070510198308, "psi": 0.4300206628256123, "ra": 3.4107684421574644, "sin_dec": -0.13827128513318665}