{"M_c": 1.2053451882160573, "eta": 0.24583157557690855, "s1_z": -0.047562124712606346, "s2_z": -0.03100235743611668, "lambda_1": 1374.257756207487, "lambda_2": 17.076296228462628, "d_L": 100.3528232847014, "t_c": -0.031837997478010235, "phase_c": 0.9030660054994608, "iota": 1.7870858159276726, "psi": 0.4300206628256123, "ra": 3.4107684421574644, "dec": -0.13871571981667094, "gmst": 2.7288923786848907}