{"M_c": 2.3479713063413667, "eta": 0.24328935945677535, "s1_z": 0.047942760893598654, "s2_z": -0.033199284453400354, "lambda_1": 1954.962097257602, "lambda_2": 1240.8885986133855, "d_L": 283.02262941068307, "t_c": 0.0048118947596446915, "phase_c": 1.2508977841136306, "iota": 0.8302313316715816, "psi": 2.727163752616531, "ra": 4.085971369698422, "dec": -0.7112581471205558, "gmst": 2.7288923786848907}