{"seed": 926, "f_sampling": 4096, "duration": 128, "post_trigger_duration": 2, "trigger_time": 1187008882.43, "fmin": 20, "fref": 20, "ifos": ["H1", "L1", "V1"], "outdir": "./outdir_NRTv2_binsize_1000/injection_28/", "M_c": 2.6004768373068408, "q": 0.6523862486512018, "s1_z": -0.025180183482078535, "s2_z": 0.0034759639573717985, "lambda_1": 312.1137808474256, "lambda_2": 2371.7131535119106, "d_L": 291.55087951297565, "t_c": -0.04874881293507043, "phase_c": 2.9665812990651492, "cos_iota": -0.9100841968354001, "psi": 1.2520723538556455, "ra": 4.317668663407485, "sin_dec": 0.0007413489570340381}