{"M_c": 2.6004768373068408, "eta": 0.2389360358083794, "s1_z": -0.025180183482078535, "s2_z": 0.0034759639573717985, "lambda_1": 312.1137808474256, "lambda_2": 2371.7131535119106, "d_L": 291.55087951297565, "t_c": -0.04874881293507043, "phase_c": 2.9665812990651492, "iota": 2.714283509563659, "psi": 1.2520723538556455, "ra": 4.317668663407485, "dec": 0.0007413490249414063, "gmst": 2.7288923786848907}