{"seed": 8333, "f_sampling": 4096, "duration": 128, "post_trigger_duration": 2, "trigger_time": 1187008882.43, "fmin": 20, "fref": 20, "ifos": ["H1", "L1", "V1"], "outdir": "./outdir_NRTv2/injection_9/", "M_c": 1.5665905859232327, "q": 0.6897478879175178, "s1_z": 0.0028446074217865075, "s2_z": -0.005241210433047164, "lambda_1": 3750.4466064130997, "lambda_2": 2515.553241464385, "d_L": 52.5809158963645, "t_c": 0.06868807243791566, "phase_c": 0.6408150870014762, "cos_iota": 0.5532407156038972, "psi": 1.8032106355246058, "ra": 4.753569531869418, "sin_dec": -0.9714217064301489}