{"M_c": 1.5665905859232327, "eta": 0.24157197767151667, "s1_z": 0.0028446074217865075, "s2_z": -0.005241210433047164, "lambda_1": 3750.4466064130997, "lambda_2": 2515.553241464385, "d_L": 52.5809158963645, "t_c": 0.06868807243791566, "phase_c": 0.6408150870014762, "iota": 0.9845467771514274, "psi": 1.8032106355246058, "ra": 4.753569531869418, "dec": -1.3311488341737467, "gmst": 2.7288923786848907}