{"seed": 2012, "f_sampling": 4096, "duration": 128, "post_trigger_duration": 2, "trigger_time": 1187008882.43, "fmin": 20, "fref": 20, "ifos": ["H1", "L1", "V1"], "outdir": "./outdir_TaylorF2_part2/injection_38/", "M_c": 1.1262615254683064, "q": 0.6632057538640262, "s1_z": 0.0030638057488677345, "s2_z": -0.007462470018734159, "lambda_1": 4736.703903435187, "lambda_2": 4109.557807553153, "d_L": 61.40132186334161, "t_c": -0.05225622010103284, "phase_c": 3.409251981206023, "cos_iota": -0.2993022413609947, "psi": 2.8110854905377645, "ra": 5.842710603556445, "sin_dec": 0.872359956911547}