{"M_c": 1.1262615254683064, "eta": 0.23974873695019594, "s1_z": 0.0030638057488677345, "s2_z": -0.007462470018734159, "lambda_1": 4736.703903435187, "lambda_2": 4109.557807553153, "d_L": 61.40132186334161, "t_c": -0.05225622010103284, "phase_c": 3.409251981206023, "iota": 1.8747576150526133, "psi": 2.8110854905377645, "ra": 5.842710603556445, "dec": 1.0600091529119129, "gmst": 2.7288923786848907}