{"seed": 8347, "f_sampling": 4096, "duration": 128, "post_trigger_duration": 2, "trigger_time": 1187008882.43, "fmin": 20, "fref": 20, "ifos": ["H1", "L1", "V1"], "outdir": "./outdir_TaylorF2_part2/injection_39/", "M_c": 1.654043687604016, "q": 0.9243478415978881, "s1_z": -0.04556675810395362, "s2_z": 0.01830978877070523, "lambda_1": 3708.528564184337, "lambda_2": 296.0676016222352, "d_L": 129.07519171118633, "t_c": -0.07143891529863236, "phase_c": 4.895699610725385, "cos_iota": 0.8498256308544905, "psi": 0.6518016485102963, "ra": 0.8362258071310867, "sin_dec": -0.08699236790244447}