{"M_c": 1.654043687604016, "eta": 0.24961361923237532, "s1_z": -0.04556675810395362, "s2_z": 0.01830978877070523, "lambda_1": 3708.528564184337, "lambda_2": 296.0676016222352, "d_L": 129.07519171118633, "t_c": -0.07143891529863236, "phase_c": 4.895699610725385, "iota": 0.555141952374409, "psi": 0.6518016485102963, "ra": 0.8362258071310867, "dec": -0.0871024648649153, "gmst": 2.7288923786848907}