{"seed": 8239, "f_sampling": 4096, "duration": 128, "post_trigger_duration": 2, "trigger_time": 1187008882.43, "fmin": 20, "fref": 20, "ifos": ["H1", "L1", "V1"], "outdir": "./outdir_NRTv2/injection_5/", "M_c": 1.5655494476495426, "q": 0.628482070242884, "s1_z": 0.0009955966767072888, "s2_z": 0.03638269867319359, "lambda_1": 3552.1635595610505, "lambda_2": 4728.75399394452, "d_L": 266.5592482132136, "t_c": -0.08850242114923118, "phase_c": 0.5954309957905691, "cos_iota": -0.8854367812211295, "psi": 0.7702156715587355, "ra": 4.585425916398638, "sin_dec": 0.03126227510133983}