{"M_c": 1.5655494476495426, "eta": 0.23698831316676802, "s1_z": 0.0009955966767072888, "s2_z": 0.03638269867319359, "lambda_1": 3552.1635595610505, "lambda_2": 4728.75399394452, "d_L": 266.5592482132136, "t_c": -0.08850242114923118, "phase_c": 0.5954309957905691, "iota": 2.658229297988872, "psi": 0.7702156715587355, "ra": 4.585425916398638, "dec": 0.03126736960128842, "gmst": 2.7288923786848907}