{"seed": 908, "f_sampling": 4096, "duration": 128, "post_trigger_duration": 2, "trigger_time": 1187008882.43, "fmin": 20, "fref": 20, "ifos": ["H1", "L1", "V1"], "outdir": "./new_slurm/injection_4/", "M_c": 1.117070165355857, "q": 0.6907032977277237, "s1_z": -0.03922432114153355, "s2_z": -0.036918308097354705, "lambda_1": 2432.0851118915703, "lambda_2": 3582.2123340741, "d_L": 269.399258894373, "t_c": -0.06986120066845956, "phase_c": 2.0122196167072173, "cos_iota": -0.7415746292702461, "psi": 2.7591431910120727, "ra": 3.1067250499124106, "sin_dec": -0.7032094647804685}