{"seed": 4308, "f_sampling": 4096, "duration": 128, "post_trigger_duration": 2, "trigger_time": 1187008882.43, "fmin": 20, "fref": 20, "ifos": ["H1", "L1", "V1"], "outdir": "./outdir_TaylorF2_part2/injection_42/", "M_c": 0.8955285084518896, "q": 0.7047159128100335, "s1_z": 0.011653263936153922, "s2_z": 0.01559144527019879, "lambda_1": 110.91886969965825, "lambda_2": 994.3974820726626, "d_L": 51.982575216958026, "t_c": -0.014626545087024545, "phase_c": 6.037377737479409, "cos_iota": 0.5775547780517984, "psi": 0.44219838652722043, "ra": 4.088993460317446, "sin_dec": -0.5712950776352024}