{"M_c": 0.8955285084518896, "eta": 0.24249905354158013, "s1_z": 0.011653263936153922, "s2_z": 0.01559144527019879, "lambda_1": 110.91886969965825, "lambda_2": 994.3974820726626, "d_L": 51.982575216958026, "t_c": -0.014626545087024545, "phase_c": 6.037377737479409, "iota": 0.9550661247574009, "psi": 0.44219838652722043, "ra": 4.088993460317446, "dec": -0.6080829201145048, "gmst": 2.7288923786848907}