{"seed": 8235, "f_sampling": 4096, "duration": 128, "post_trigger_duration": 2, "trigger_time": 1187008882.43, "fmin": 20, "fref": 20, "ifos": ["H1", "L1", "V1"], "outdir": "./new_slurm/injection_6/", "M_c": 1.9016235436729934, "q": 0.5077139081803992, "s1_z": 0.02974821782463212, "s2_z": 0.040691971708681204, "lambda_1": 4423.6101612236935, "lambda_2": 587.3296245265685, "d_L": 112.13263962469203, "t_c": -0.0710061516485753, "phase_c": 1.1773249069640208, "cos_iota": -0.6623002786610837, "psi": 2.198535763475406, "ra": 1.9921273293614135, "sin_dec": -0.9391819223071305}