{"M_c": 1.9016235436729934, "eta": 0.22334754254091158, "s1_z": 0.02974821782463212, "s2_z": 0.040691971708681204, "lambda_1": 4423.6101612236935, "lambda_2": 587.3296245265685, "d_L": 112.13263962469203, "t_c": -0.0710061516485753, "phase_c": 1.1773249069640208, "iota": 2.2946810930822936, "psi": 2.198535763475406, "ra": 1.9921273293614135, "dec": -1.220240343764878, "gmst": 2.7288923786848907}