{"seed": 1579, "f_sampling": 4096, "duration": 128, "post_trigger_duration": 2, "trigger_time": 1187008882.43, "fmin": 20, "fref": 20, "ifos": ["H1", "L1", "V1"], "outdir": "./outdir_NRTv2/injection_3/", "M_c": 1.2879940518556154, "q": 0.517189667323116, "s1_z": -0.047530524506822984, "s2_z": -0.03430505850837033, "lambda_1": 2245.4442721738283, "lambda_2": 2977.5007880217822, "d_L": 154.27396658929456, "t_c": -0.04379134906951763, "phase_c": 1.4573692945395136, "cos_iota": 0.9643316968844509, "psi": 0.7598168912251934, "ra": 2.1743332119914722, "sin_dec": 0.32310599792769246}