{"M_c": 1.2879940518556154, "eta": 0.22468293434590583, "s1_z": -0.047530524506822984, "s2_z": -0.03430505850837033, "lambda_1": 2245.4442721738283, "lambda_2": 2977.5007880217822, "d_L": 154.27396658929456, "t_c": -0.04379134906951763, "phase_c": 1.4573692945395136, "iota": 0.267889459736418, "psi": 0.7598168912251934, "ra": 2.1743332119914722, "dec": 0.3290096936662967, "gmst": 2.7288923786848907}