{"seed": 7554, "f_sampling": 4096, "duration": 128, "post_trigger_duration": 2, "trigger_time": 1187008882.43, "fmin": 20, "fref": 20, "ifos": ["H1", "L1", "V1"], "outdir": "./new_slurm/injection_2/", "M_c": 2.171319701499379, "q": 0.789280775007703, "s1_z": 0.01291273744184962, "s2_z": -0.0468994843707095, "lambda_1": 1093.647559471238, "lambda_2": 418.43492387646177, "d_L": 226.0998566369679, "t_c": -0.011015603769127427, "phase_c": 3.770572710986323, "cos_iota": 0.11980263812032588, "psi": 3.007787653755889, "ra": 2.6787654362312545, "sin_dec": -0.4684668541536494}