{"seed": 863, "f_sampling": 4096, "duration": 128, "post_trigger_duration": 2, "trigger_time": 1187008882.43, "fmin": 20, "fref": 20, "ifos": ["H1", "L1", "V1"], "outdir": "./outdir_NRTv2_binsize_1000/injection_16/", "M_c": 2.172753801159837, "q": 0.8095489852282298, "s1_z": -0.005280606334622295, "s2_z": -0.017766316745877878, "lambda_1": 3059.0314607211485, "lambda_2": 1917.6177082554468, "d_L": 72.01106323183525, "t_c": -0.07569098095557357, "phase_c": 2.630215608046836, "cos_iota": -0.5891097632751789, "psi": 0.8445550866364162, "ra": 2.7950995519565622, "sin_dec": 0.06124029893240679}