{"M_c": 2.172753801159837, "eta": 0.24723072616418218, "s1_z": -0.005280606334622295, "s2_z": -0.017766316745877878, "lambda_1": 3059.0314607211485, "lambda_2": 1917.6177082554468, "d_L": 72.01106323183525, "t_c": -0.07569098095557357, "phase_c": 2.630215608046836, "iota": 2.200753018721539, "psi": 0.8445550866364162, "ra": 2.7950995519565622, "dec": 0.06127864268558311, "gmst": 2.7288923786848907}