{"seed": 9449, "f_sampling": 4096, "duration": 128, "post_trigger_duration": 2, "trigger_time": 1187008882.43, "fmin": 20, "fref": 20, "ifos": ["H1", "L1", "V1"], "outdir": "./outdir_NRTv2_binsize_1000/injection_3/", "M_c": 1.9761644730456427, "q": 0.5551673318125327, "s1_z": -0.0394594907794814, "s2_z": 0.041658859840438725, "lambda_1": 4672.120304391839, "lambda_2": 2880.196805865884, "d_L": 83.42875635751844, "t_c": 0.06708269148355431, "phase_c": 5.076095912385026, "cos_iota": 0.9995935790733532, "psi": 1.6287030861679366, "ra": 0.8220386723825965, "sin_dec": -0.41230577807993796}