{"M_c": 1.9761644730456427, "eta": 0.2295459597081103, "s1_z": -0.0394594907794814, "s2_z": 0.041658859840438725, "lambda_1": 4672.120304391839, "lambda_2": 2880.196805865884, "d_L": 83.42875635751844, "t_c": 0.06708269148355431, "phase_c": 5.076095912385026, "iota": 0.028511347189931088, "psi": 1.6287030861679366, "ra": 0.8220386723825965, "dec": -0.42498353131757144, "gmst": 2.7288923786848907}