{"seed": 2021, "f_sampling": 4096, "duration": 128, "post_trigger_duration": 2, "trigger_time": 1187008882.43, "fmin": 20, "fref": 20, "ifos": ["H1", "L1", "V1"], "outdir": "./outdir_TaylorF2_part2/injection_8/", "M_c": 2.2419982859636267, "q": 0.7831920191199293, "s1_z": 0.03680945619293778, "s2_z": -0.0073950977110945545, "lambda_1": 3998.574074279043, "lambda_2": 2656.079810244664, "d_L": 78.48432654149998, "t_c": 0.057367504724312984, "phase_c": 5.901071083562529, "cos_iota": 0.4293265356768856, "psi": 1.7057733392795877, "ra": 4.4682196903765545, "sin_dec": 0.4639384189292579}