{"M_c": 2.2419982859636267, "eta": 0.24630432038023334, "s1_z": 0.03680945619293778, "s2_z": -0.0073950977110945545, "lambda_1": 3998.574074279043, "lambda_2": 2656.079810244664, "d_L": 78.48432654149998, "t_c": 0.057367504724312984, "phase_c": 5.901071083562529, "iota": 1.1270493664836734, "psi": 1.7057733392795877, "ra": 4.4682196903765545, "dec": 0.4824358826158125, "gmst": 2.7288923786848907}