{"seed": 2157, "f_sampling": 4096, "duration": 128, "post_trigger_duration": 2, "trigger_time": 1187008882.43, "fmin": 20, "fref": 20, "ifos": ["H1", "L1", "V1"], "outdir": "/scratch-local/twouters2.5466754/injection_2/", "M_c": 2.4836903969814794, "q": 0.9021496572744653, "s1_z": 0.04887536381134995, "s2_z": 0.0027083345885622334, "lambda_1": 1449.7122044571952, "lambda_2": 3858.401322482029, "d_L": 134.3770735434889, "t_c": -0.07050711448754624, "phase_c": 4.074583003484727, "cos_iota": 0.46133651857648506, "psi": 2.7867652704703074, "ra": 2.714398955540078, "sin_dec": -0.40521377132436354}