{"M_c": 2.4836903969814794, "eta": 0.24933843069912517, "s1_z": 0.04887536381134995, "s2_z": 0.0027083345885622334, "lambda_1": 1449.7122044571952, "lambda_2": 3858.401322482029, "d_L": 134.3770735434889, "t_c": -0.07050711448754624, "phase_c": 4.074583003484727, "iota": 1.0912953144250528, "psi": 2.7867652704703074, "ra": 2.714398955540078, "dec": -0.4172126471961521, "gmst": 2.7288923786848907}