{"seed": 2590, "f_sampling": 4096, "duration": 128, "post_trigger_duration": 2, "trigger_time": 1187008882.43, "fmin": 20, "fref": 20, "ifos": ["H1", "L1", "V1"], "outdir": "./outdir_TaylorF2_part2/injection_9/", "M_c": 2.055019342915721, "q": 0.8094417765366281, "s1_z": -0.009235545146882386, "s2_z": 0.03126804055652986, "lambda_1": 3232.779695146486, "lambda_2": 719.6012872290902, "d_L": 106.28140081805107, "t_c": -0.012511817368769787, "phase_c": 4.63973265712716, "cos_iota": -0.5091279259986963, "psi": 2.533705938772422, "ra": 2.7089014282825246, "sin_dec": 0.21169776704265297}