{"M_c": 2.055019342915721, "eta": 0.2472272789912248, "s1_z": -0.009235545146882386, "s2_z": 0.03126804055652986, "lambda_1": 3232.779695146486, "lambda_2": 719.6012872290902, "d_L": 106.28140081805107, "t_c": -0.012511817368769787, "phase_c": 4.63973265712716, "iota": 2.1049675874852323, "psi": 2.533705938772422, "ra": 2.7089014282825246, "dec": 0.21331177291532935, "gmst": 2.7288923786848907}