{"seed": 7010, "f_sampling": 4096, "duration": 128, "post_trigger_duration": 2, "trigger_time": 1187008882.43, "fmin": 20, "fref": 20, "ifos": ["H1", "L1", "V1"], "outdir": "./outdir_NRTv2_binsize_1000/injection_5/", "M_c": 1.94072015516435, "q": 0.8057654718724552, "s1_z": -0.03272097585787963, "s2_z": -0.03772229243593757, "lambda_1": 2300.437511361246, "lambda_2": 983.5526750131762, "d_L": 59.10518031619138, "t_c": 0.010487216911280711, "phase_c": 2.9682256848990844, "cos_iota": -0.2305076938263957, "psi": 0.6547808343150517, "ra": 4.422483548585549, "sin_dec": 0.5507438831065923}