{"M_c": 1.94072015516435, "eta": 0.24710752116911053, "s1_z": -0.03272097585787963, "s2_z": -0.03772229243593757, "lambda_1": 2300.437511361246, "lambda_2": 983.5526750131762, "d_L": 59.10518031619138, "t_c": 0.010487216911280711, "phase_c": 2.9682256848990844, "iota": 1.8033957215766114, "psi": 0.6547808343150517, "ra": 4.422483548585549, "dec": 0.5832552017051987, "gmst": 2.7288923786848907}