{"seed": 1710, "f_sampling": 4096, "duration": 128, "post_trigger_duration": 2, "trigger_time": 1187008882.43, "fmin": 20, "fref": 20, "ifos": ["H1", "L1", "V1"], "outdir": "./outdir_TaylorF2_part2/injection_10/", "M_c": 1.701990407773712, "q": 0.6660060992902673, "s1_z": -0.04485405041208901, "s2_z": -0.018329613092979292, "lambda_1": 2947.74554127843, "lambda_2": 3087.8121504638234, "d_L": 227.993816736602, "t_c": 0.08520348405692096, "phase_c": 2.794802124147551, "cos_iota": 0.8590344028768213, "psi": 2.6448146626630495, "ra": 3.633844483596101, "sin_dec": -0.6874935982275301}