{"M_c": 1.701990407773712, "eta": 0.23995236369541975, "s1_z": -0.04485405041208901, "s2_z": -0.018329613092979292, "lambda_1": 2947.74554127843, "lambda_2": 3087.8121504638234, "d_L": 227.993816736602, "t_c": 0.08520348405692096, "phase_c": 2.794802124147551, "iota": 0.5374158846067675, "psi": 2.6448146626630495, "ra": 3.633844483596101, "dec": -0.7580319498334545, "gmst": 2.7288923786848907}