{"seed": 5308, "f_sampling": 4096, "duration": 128, "post_trigger_duration": 2, "trigger_time": 1187008882.43, "fmin": 20, "fref": 20, "ifos": ["H1", "L1", "V1"], "outdir": "./outdir_NRTv2/injection_4/", "M_c": 1.7627674930217818, "q": 0.7915621571190443, "s1_z": -0.002414295169279136, "s2_z": -0.017101262825204022, "lambda_1": 1779.1387438892386, "lambda_2": 263.61679132935524, "d_L": 192.69747530582902, "t_c": -0.07913191567086049, "phase_c": 3.7017535952396727, "cos_iota": -0.8116116142190535, "psi": 0.6645825705861003, "ra": 4.9202477406988505, "sin_dec": -0.4208861497736722}