{"M_c": 1.7627674930217818, "eta": 0.24661600752967813, "s1_z": -0.002414295169279136, "s2_z": -0.017101262825204022, "lambda_1": 1779.1387438892386, "lambda_2": 263.61679132935524, "d_L": 192.69747530582902, "t_c": -0.07913191567086049, "phase_c": 3.7017535952396727, "iota": 2.517701860138386, "psi": 0.6645825705861003, "ra": 4.9202477406988505, "dec": -0.43442198859626824, "gmst": 2.7288923786848907}