{"seed": 9427, "f_sampling": 4096, "duration": 128, "post_trigger_duration": 2, "trigger_time": 1187008882.43, "fmin": 20, "fref": 20, "ifos": ["H1", "L1", "V1"], "outdir": "./outdir_NRTv2_binsize_1000/injection_26/", "M_c": 2.211162628884668, "q": 0.5900207965557258, "s1_z": 0.03495540985758293, "s2_z": -0.013631248882437476, "lambda_1": 2819.714269516404, "lambda_2": 1464.1224905248057, "d_L": 212.6160318808122, "t_c": -0.07886167395845277, "phase_c": 4.826786605009128, "cos_iota": 0.8424183383577628, "psi": 2.65538560579759, "ra": 5.897928624410196, "sin_dec": -0.7089956762312413}