{"M_c": 2.211162628884668, "eta": 0.23337896538612196, "s1_z": 0.03495540985758293, "s2_z": -0.013631248882437476, "lambda_1": 2819.714269516404, "lambda_2": 1464.1224905248057, "d_L": 212.6160318808122, "t_c": -0.07886167395845277, "phase_c": 4.826786605009128, "iota": 0.5690405484979979, "psi": 2.65538560579759, "ra": 5.897928624410196, "dec": -0.7880730450711965, "gmst": 2.7288923786848907}