{"seed": 6646, "f_sampling": 4096, "duration": 128, "post_trigger_duration": 2, "trigger_time": 1187008882.43, "fmin": 20, "fref": 20, "ifos": ["H1", "L1", "V1"], "outdir": "/scratch-local/twouters2.5313267/out_slurm/injection_1/", "M_c": 2.002090602834051, "q": 0.5621586246514361, "s1_z": -0.0035948242329492328, "s2_z": -0.04460282416173248, "lambda_1": 3332.4685116091123, "lambda_2": 407.4989210780988, "d_L": 284.9225652957506, "t_c": 0.07252836733392251, "phase_c": 2.8330829749279007, "cos_iota": -0.6619900127389087, "psi": 1.0196175162624064, "ra": 4.123019796872761, "sin_dec": -0.7529614668024527}