{"seed": 9439, "f_sampling": 4096, "duration": 128, "post_trigger_duration": 2, "trigger_time": 1187008882.43, "fmin": 20, "fref": 20, "ifos": ["H1", "L1", "V1"], "outdir": "./outdir_NRTv2_binsize_1000/injection_8/", "M_c": 1.8055220463362418, "q": 0.7620785773278966, "s1_z": -0.013903179387713883, "s2_z": 0.04080169805235552, "lambda_1": 1493.2070825156018, "lambda_2": 1435.182773272367, "d_L": 102.36450984985574, "t_c": -0.08432295311370255, "phase_c": 0.7496304676438149, "cos_iota": 0.5373773184771067, "psi": 0.9720933747192145, "ra": 5.4117719375703786, "sin_dec": -0.8132985723126229}