{"M_c": 1.8055220463362418, "eta": 0.2454421863746043, "s1_z": -0.013903179387713883, "s2_z": 0.04080169805235552, "lambda_1": 1493.2070825156018, "lambda_2": 1435.182773272367, "d_L": 102.36450984985574, "t_c": -0.08432295311370255, "phase_c": 0.7496304676438149, "iota": 1.0034721771418034, "psi": 0.9720933747192145, "ra": 5.4117719375703786, "dec": -0.949799003875324, "gmst": 2.7288923786848907}