{"seed": 9580, "f_sampling": 4096, "duration": 128, "post_trigger_duration": 2, "trigger_time": 1187008882.43, "fmin": 20, "fref": 20, "ifos": ["H1", "L1", "V1"], "outdir": "./outdir_NRTv2_binsize_1000/injection_17/", "M_c": 2.568393020695097, "q": 0.7323468955072301, "s1_z": 0.015635923613089686, "s2_z": -0.048257420954738756, "lambda_1": 2726.868451158734, "lambda_2": 2675.711850141527, "d_L": 124.77626572224166, "t_c": -0.08726476834052609, "phase_c": 1.3811869682889004, "cos_iota": -0.30243126472042836, "psi": 1.2153590852344043, "ra": 3.1755069025127347, "sin_dec": -0.636299506397396}