{"M_c": 2.568393020695097, "eta": 0.24403219183026328, "s1_z": 0.015635923613089686, "s2_z": -0.048257420954738756, "lambda_1": 2726.868451158734, "lambda_2": 2675.711850141527, "d_L": 124.77626572224166, "t_c": -0.08726476834052609, "phase_c": 1.3811869682889004, "iota": 1.8780386637293123, "psi": 1.2153590852344043, "ra": 3.1755069025127347, "dec": -0.6896918679570629, "gmst": 2.7288923786848907}