{"seed": 4069, "f_sampling": 4096, "duration": 128, "post_trigger_duration": 2, "trigger_time": 1187008882.43, "fmin": 20, "fref": 20, "ifos": ["H1", "L1", "V1"], "outdir": "./outdir_NRTv2/injection_13/", "M_c": 2.438964927423984, "q": 0.7109672140239491, "s1_z": 0.010568069777833478, "s2_z": -0.002017539265734357, "lambda_1": 2653.474798439547, "lambda_2": 2954.204003604322, "d_L": 148.73316677433283, "t_c": 0.010643886127973443, "phase_c": 2.355414541169214, "cos_iota": -0.6694927334999061, "psi": 0.3313114652619968, "ra": 4.624818831200921, "sin_dec": -0.41895612527572657}