{"M_c": 2.438964927423984, "eta": 0.24286570847603764, "s1_z": 0.010568069777833478, "s2_z": -0.002017539265734357, "lambda_1": 2653.474798439547, "lambda_2": 2954.204003604322, "d_L": 148.73316677433283, "t_c": 0.010643886127973443, "phase_c": 2.355414541169214, "iota": 2.304322009733245, "psi": 0.3313114652619968, "ra": 4.624818831200921, "dec": -0.43229538118252736, "gmst": 2.7288923786848907}