{"seed": 1519, "f_sampling": 4096, "duration": 128, "post_trigger_duration": 2, "trigger_time": 1187008882.43, "fmin": 20, "fref": 20, "ifos": ["H1", "L1", "V1"], "outdir": "./outdir_TaylorF2_part2/injection_31/", "M_c": 2.594405983816842, "q": 0.829274573027284, "s1_z": 0.04844083987525488, "s2_z": -0.03955305354939758, "lambda_1": 1113.25596101087, "lambda_2": 162.3886070538938, "d_L": 35.62906695470815, "t_c": 0.08591655844093357, "phase_c": 3.9840688755056877, "cos_iota": 0.8825566647089871, "psi": 1.9092894786577594, "ra": 5.194115318382103, "sin_dec": 0.2827418110710347}