{"M_c": 2.594405983816842, "eta": 0.2478223973903935, "s1_z": 0.04844083987525488, "s2_z": -0.03955305354939758, "lambda_1": 1113.25596101087, "lambda_2": 162.3886070538938, "d_L": 35.62906695470815, "t_c": 0.08591655844093357, "phase_c": 3.9840688755056877, "iota": 0.4895242378909104, "psi": 1.9092894786577594, "ra": 5.194115318382103, "dec": 0.28665135685772664, "gmst": 2.7288923786848907}