{"seed": 5603, "f_sampling": 4096, "duration": 128, "post_trigger_duration": 2, "trigger_time": 1187008882.43, "fmin": 20, "fref": 20, "ifos": ["H1", "L1", "V1"], "outdir": "./outdir_TaylorF2_part2/injection_21/", "M_c": 1.8666854356420064, "q": 0.9531040802866415, "s1_z": -0.0450547404341024, "s2_z": 0.0023593667965948403, "lambda_1": 3347.374384192558, "lambda_2": 2970.715760686028, "d_L": 272.630490771765, "t_c": 0.03719235420097772, "phase_c": 3.119357587409632, "cos_iota": 0.7055632853773028, "psi": 2.381083720951226, "ra": 3.7401348649823576, "sin_dec": -0.8737420170701133}