{"M_c": 1.8666854356420064, "eta": 0.24985586835305948, "s1_z": -0.0450547404341024, "s2_z": 0.0023593667965948403, "lambda_1": 3347.374384192558, "lambda_2": 2970.715760686028, "d_L": 272.630490771765, "t_c": 0.03719235420097772, "phase_c": 3.119357587409632, "iota": 0.7875786206361967, "psi": 2.381083720951226, "ra": 3.7401348649823576, "dec": -1.0628434085979845, "gmst": 2.7288923786848907}