{"seed": 5915, "f_sampling": 4096, "duration": 128, "post_trigger_duration": 2, "trigger_time": 1187008882.43, "fmin": 20, "fref": 20, "ifos": ["H1", "L1", "V1"], "outdir": "./outdir_TaylorF2_part2/injection_43/", "M_c": 1.5137873047231176, "q": 0.5025597124615031, "s1_z": 0.018924173431669106, "s2_z": 0.0022551194354814355, "lambda_1": 158.69222747027234, "lambda_2": 4522.881095061835, "d_L": 185.78848016556285, "t_c": -0.012299030527418722, "phase_c": 0.7175033909031334, "cos_iota": -0.43721952748538695, "psi": 0.3446049015775203, "ra": 4.394223251056848, "sin_dec": -0.34341924182164285}