{"M_c": 1.5137873047231176, "eta": 0.22259950302030032, "s1_z": 0.018924173431669106, "s2_z": 0.0022551194354814355, "lambda_1": 158.69222747027234, "lambda_2": 4522.881095061835, "d_L": 185.78848016556285, "t_c": -0.012299030527418722, "phase_c": 0.7175033909031334, "iota": 2.023301038200059, "psi": 0.3446049015775203, "ra": 4.394223251056848, "dec": -0.35055514411247174, "gmst": 2.7288923786848907}