{"seed": 6097, "f_sampling": 4096, "duration": 128, "post_trigger_duration": 2, "trigger_time": 1187008882.43, "fmin": 20, "fref": 20, "ifos": ["H1", "L1", "V1"], "outdir": "./outdir_TaylorF2_part2/injection_46/", "M_c": 2.459591683828951, "q": 0.9149398032289799, "s1_z": 0.02289804332551207, "s2_z": 0.0456294841753488, "lambda_1": 2854.7853585650414, "lambda_2": 4626.247671718481, "d_L": 87.11497003663668, "t_c": -0.09692492395543358, "phase_c": 2.2745638657526817, "cos_iota": -0.43359212494802746, "psi": 0.502488758275645, "ra": 2.0641373946977235, "sin_dec": 0.9709890702646666}