{"M_c": 2.459591683828951, "eta": 0.24950673247714192, "s1_z": 0.02289804332551207, "s2_z": 0.0456294841753488, "lambda_1": 2854.7853585650414, "lambda_2": 4626.247671718481, "d_L": 87.11497003663668, "t_c": -0.09692492395543358, "phase_c": 2.2745638657526817, "iota": 2.0192716352135234, "psi": 0.502488758275645, "ra": 2.0641373946977235, "dec": 1.3293328824294235, "gmst": 2.7288923786848907}