{"seed": 7327, "f_sampling": 4096, "duration": 128, "post_trigger_duration": 2, "trigger_time": 1187008882.43, "fmin": 20, "fref": 20, "ifos": ["H1", "L1", "V1"], "outdir": "./outdir_TaylorF2_part2/injection_13/", "M_c": 1.2890155936840482, "q": 0.8308089327824609, "s1_z": 0.03663924072846224, "s2_z": -0.0029271858689224536, "lambda_1": 3965.779181383783, "lambda_2": 1782.5285647496441, "d_L": 139.1574195559959, "t_c": 0.02484110915342301, "phase_c": 3.995862857348931, "cos_iota": 0.9816469043555773, "psi": 0.9197619256568498, "ra": 4.915491780716795, "sin_dec": 0.6154322664951213}