{"M_c": 1.2890155936840482, "eta": 0.24786494620069463, "s1_z": 0.03663924072846224, "s2_z": -0.0029271858689224536, "lambda_1": 3965.779181383783, "lambda_2": 1782.5285647496441, "d_L": 139.1574195559959, "t_c": 0.02484110915342301, "phase_c": 3.995862857348931, "iota": 0.19188283604382797, "psi": 0.9197619256568498, "ra": 4.915491780716795, "dec": 0.6629342786157459, "gmst": 2.7288923786848907}