{"seed": 9953, "f_sampling": 4096, "duration": 128, "post_trigger_duration": 2, "trigger_time": 1187008882.43, "fmin": 20, "fref": 20, "ifos": ["H1", "L1", "V1"], "outdir": "./outdir_NRTv2/injection_2/", "M_c": 1.8526565778676365, "q": 0.9813936997597493, "s1_z": -0.03905452081077611, "s2_z": 0.04003504773137971, "lambda_1": 1380.6304766216172, "lambda_2": 4081.62371665585, "d_L": 91.7967858968731, "t_c": 0.01668098748695271, "phase_c": 2.753702879800473, "cos_iota": 0.02025550792711872, "psi": 0.02907211777629412, "ra": 2.4517870498511787, "sin_dec": 0.7445237771075852}