{"M_c": 1.8526565778676365, "eta": 0.2499779545736396, "s1_z": -0.03905452081077611, "s2_z": 0.04003504773137971, "lambda_1": 1380.6304766216172, "lambda_2": 4081.62371665585, "d_L": 91.7967858968731, "t_c": 0.01668098748695271, "phase_c": 2.753702879800473, "iota": 1.5505394335214462, "psi": 0.02907211777629412, "ra": 2.4517870498511787, "dec": 0.8398212170646063, "gmst": 2.7288923786848907}