{"seed": 3051, "f_sampling": 4096, "duration": 128, "post_trigger_duration": 2, "trigger_time": 1187008882.43, "fmin": 20, "fref": 20, "ifos": ["H1", "L1", "V1"], "outdir": "./outdir_NRTv2_binsize_1000/injection_15/", "M_c": 2.360917788827131, "q": 0.7568319021834216, "s1_z": 0.010374985552826656, "s2_z": -0.02421838776793488, "lambda_1": 428.83657103973184, "lambda_2": 4916.038202151048, "d_L": 253.15674826570717, "t_c": -0.04928156006000828, "phase_c": 3.601811271355479, "cos_iota": 0.8997427838194465, "psi": 1.5653798879413672, "ra": 5.1855749320175315, "sin_dec": 0.00965077560784433}