{"M_c": 2.360917788827131, "eta": 0.24521047124040757, "s1_z": 0.010374985552826656, "s2_z": -0.02421838776793488, "lambda_1": 428.83657103973184, "lambda_2": 4916.038202151048, "d_L": 253.15674826570717, "t_c": -0.04928156006000828, "phase_c": 3.601811271355479, "iota": 0.4516165471727225, "psi": 1.5653798879413672, "ra": 5.1855749320175315, "dec": 0.009650925422260424, "gmst": 2.7288923786848907}