{"seed": 9149, "f_sampling": 4096, "duration": 128, "post_trigger_duration": 2, "trigger_time": 1187008882.43, "fmin": 20, "fref": 20, "ifos": ["H1", "L1", "V1"], "outdir": "./outdir_NRTv2/injection_9/", "M_c": 2.547238292540561, "q": 0.7224161569339294, "s1_z": 0.014103112600843543, "s2_z": 0.0316241797445628, "lambda_1": 1219.0977178908208, "lambda_2": 2082.334954690163, "d_L": 81.57982410832881, "t_c": 0.06522748508181972, "phase_c": 0.45967038483291744, "cos_iota": -0.7599052400203632, "psi": 1.6119793994457396, "ra": 3.7997061226815227, "sin_dec": 0.21947536053401717}