{"M_c": 2.547238292540561, "eta": 0.2435068984433373, "s1_z": 0.014103112600843543, "s2_z": 0.0316241797445628, "lambda_1": 1219.0977178908208, "lambda_2": 2082.334954690163, "d_L": 81.57982410832881, "t_c": 0.06522748508181972, "phase_c": 0.45967038483291744, "iota": 2.4339636523974097, "psi": 1.6119793994457396, "ra": 3.7997061226815227, "dec": 0.2212766870555144, "gmst": 2.7288923786848907}