{"seed": 2075, "f_sampling": 4096, "duration": 128, "post_trigger_duration": 2, "trigger_time": 1187008882.43, "fmin": 20, "fref": 20, "ifos": ["H1", "L1", "V1"], "outdir": "./outdir_NRTv2/injection_17/", "M_c": 1.5799042370863416, "q": 0.8510354662155306, "s1_z": 0.025530554544673414, "s2_z": 0.010555027991612266, "lambda_1": 2617.7011308064207, "lambda_2": 34.394579330929155, "d_L": 102.86757900716134, "t_c": -0.013064806745505628, "phase_c": 1.9958670750851368, "cos_iota": -0.3387156276284544, "psi": 0.43402249515446256, "ra": 0.7269598409619078, "sin_dec": 0.7338969548191583}