{"M_c": 1.5799042370863416, "eta": 0.24838089023473892, "s1_z": 0.025530554544673414, "s2_z": 0.010555027991612266, "lambda_1": 2617.7011308064207, "lambda_2": 34.394579330929155, "d_L": 102.86757900716134, "t_c": -0.013064806745505628, "phase_c": 1.9958670750851368, "iota": 1.916347825441388, "psi": 0.43402249515446256, "ra": 0.7269598409619078, "dec": 0.8240413627143015, "gmst": 2.7288923786848907}