{"seed": 4201, "f_sampling": 4096, "duration": 128, "post_trigger_duration": 2, "trigger_time": 1187008882.43, "fmin": 20, "fref": 20, "ifos": ["H1", "L1", "V1"], "outdir": "./outdir_TaylorF2_part2/injection_52/", "M_c": 2.4757819169999977, "q": 0.5281761470410367, "s1_z": -0.01880060827150878, "s2_z": -0.0015826579771777288, "lambda_1": 2866.144871783858, "lambda_2": 4889.414403770345, "d_L": 85.1320963598846, "t_c": 0.025844019278524616, "phase_c": 3.0385478721437584, "cos_iota": 0.935685069764564, "psi": 1.1539059721743241, "ra": 4.138070189425138, "sin_dec": 0.7605144838358493}