{"M_c": 2.4757819169999977, "eta": 0.22616841316158218, "s1_z": -0.01880060827150878, "s2_z": -0.0015826579771777288, "lambda_1": 2866.144871783858, "lambda_2": 4889.414403770345, "d_L": 85.1320963598846, "t_c": 0.025844019278524616, "phase_c": 3.0385478721437584, "iota": 0.36060062613980404, "psi": 1.1539059721743241, "ra": 4.138070189425138, "dec": 0.864105089106413, "gmst": 2.7288923786848907}