{"seed": 5446, "f_sampling": 4096, "duration": 128, "post_trigger_duration": 2, "trigger_time": 1187008882.43, "fmin": 20, "fref": 20, "ifos": ["H1", "L1", "V1"], "outdir": "./outdir_TaylorF2_part2/injection_6/", "M_c": 1.8334392203902559, "q": 0.6332489045546725, "s1_z": -0.017576789869679144, "s2_z": -0.011614382769670063, "lambda_1": 4088.482132154314, "lambda_2": 1031.6823324638185, "d_L": 34.25557068451047, "t_c": 0.015464940294715568, "phase_c": 0.8206281178904457, "cos_iota": -0.08067052320272339, "psi": 2.4500678186119345, "ra": 2.1897226874534392, "sin_dec": 0.19621196320513423}