{"M_c": 1.8334392203902559, "eta": 0.2373939769486973, "s1_z": -0.017576789869679144, "s2_z": -0.011614382769670063, "lambda_1": 4088.482132154314, "lambda_2": 1031.6823324638185, "d_L": 34.25557068451047, "t_c": 0.015464940294715568, "phase_c": 0.8206281178904457, "iota": 1.6515546042698133, "psi": 2.4500678186119345, "ra": 2.1897226874534392, "dec": 0.1974932866417547, "gmst": 2.7288923786848907}