{"seed": 5536, "f_sampling": 4096, "duration": 128, "post_trigger_duration": 2, "trigger_time": 1187008882.43, "fmin": 20, "fref": 20, "ifos": ["H1", "L1", "V1"], "outdir": "./outdir_TaylorF2_part2/injection_37/", "M_c": 1.7383757872371088, "q": 0.8659965194549177, "s1_z": -0.03647547362266057, "s2_z": -0.04710270705026082, "lambda_1": 2839.613232590342, "lambda_2": 3387.445672766014, "d_L": 43.56793327192695, "t_c": 0.03156435371895422, "phase_c": 4.670976751526722, "cos_iota": -0.4476411748009186, "psi": 0.12112937286191697, "ra": 6.210615547905087, "sin_dec": 0.5603554508602104}