{"M_c": 1.7383757872371088, "eta": 0.24871071031723965, "s1_z": -0.03647547362266057, "s2_z": -0.04710270705026082, "lambda_1": 2839.613232590342, "lambda_2": 3387.445672766014, "d_L": 43.56793327192695, "t_c": 0.03156435371895422, "phase_c": 4.670976751526722, "iota": 2.034922041151459, "psi": 0.12112937286191697, "ra": 6.210615547905087, "dec": 0.5948148954721576, "gmst": 2.7288923786848907}