{"seed": 1588, "f_sampling": 4096, "duration": 128, "post_trigger_duration": 2, "trigger_time": 1187008882.43, "fmin": 20, "fref": 20, "ifos": ["H1", "L1", "V1"], "outdir": "./outdir_NRTv2_binsize_1000/injection_14/", "M_c": 2.003199580154128, "q": 0.8931587675900482, "s1_z": -0.011449684060830988, "s2_z": 0.04577527515148422, "lambda_1": 1883.8065524402398, "lambda_2": 1668.5788131671154, "d_L": 113.83048548070717, "t_c": -0.06150089472892842, "phase_c": 0.7542731517984532, "cos_iota": -0.34821466761614617, "psi": 1.7988887112800733, "ra": 5.873532562323499, "sin_dec": 0.8995375884320875}