{"M_c": 2.003199580154128, "eta": 0.2492037605109512, "s1_z": -0.011449684060830988, "s2_z": 0.04577527515148422, "lambda_1": 1883.8065524402398, "lambda_2": 1668.5788131671154, "d_L": 113.83048548070717, "t_c": -0.06150089472892842, "phase_c": 0.7542731517984532, "iota": 1.9264622275356, "psi": 1.7988887112800733, "ra": 5.873532562323499, "dec": 1.1187098291924533, "gmst": 2.7288923786848907}