{"seed": 3009, "f_sampling": 4096, "duration": 128, "post_trigger_duration": 2, "trigger_time": 1187008882.43, "fmin": 20, "fref": 20, "ifos": ["H1", "L1", "V1"], "outdir": "./outdir_NRTv2/injection_16/", "M_c": 2.083293851398567, "q": 0.9591894696484847, "s1_z": 0.03814777353264026, "s2_z": -0.04353275628768816, "lambda_1": 2923.0211966861, "lambda_2": 1960.187225962583, "d_L": 53.40328636318355, "t_c": 0.02373341397964643, "phase_c": 1.2166166359264, "cos_iota": 0.4416082388510383, "psi": 0.4646538595239684, "ra": 3.7721537170312236, "sin_dec": 0.5351961572989108}