{"M_c": 2.083293851398567, "eta": 0.24989152451256902, "s1_z": 0.03814777353264026, "s2_z": -0.04353275628768816, "lambda_1": 2923.0211966861, "lambda_2": 1960.187225962583, "d_L": 53.40328636318355, "t_c": 0.02373341397964643, "phase_c": 1.2166166359264, "iota": 1.1134059496723252, "psi": 0.4646538595239684, "ra": 3.7721537170312236, "dec": 0.5647399436722902, "gmst": 2.7288923786848907}