{"seed": 6828, "f_sampling": 4096, "duration": 128, "post_trigger_duration": 2, "trigger_time": 1187008882.43, "fmin": 20, "fref": 20, "ifos": ["H1", "L1", "V1"], "outdir": "/scratch-local/twouters2.5386277/injection_2/", "M_c": 1.5226363469908273, "q": 0.9637356517516573, "s1_z": -0.022039646528550373, "s2_z": 0.042011619954532106, "lambda_1": 1690.3758941394003, "lambda_2": 3360.8493882119633, "d_L": 231.66085011475022, "t_c": -0.025048672971178965, "phase_c": 4.662587237577043, "cos_iota": 0.8829303488278222, "psi": 2.5467715133304236, "ra": 2.9614594785612884, "sin_dec": -0.6999961631035905}