{"M_c": 1.5226363469908273, "eta": 0.24991474228041866, "s1_z": -0.022039646528550373, "s2_z": 0.042011619954532106, "lambda_1": 1690.3758941394003, "lambda_2": 3360.8493882119633, "d_L": 231.66085011475022, "t_c": -0.025048672971178965, "phase_c": 4.662587237577043, "iota": 0.4887289200153251, "psi": 2.5467715133304236, "ra": 2.9614594785612884, "dec": -0.7753921238952735, "gmst": 2.7288923786848907}