{"seed": 5335, "f_sampling": 4096, "duration": 128, "post_trigger_duration": 2, "trigger_time": 1187008882.43, "fmin": 20, "fref": 20, "ifos": ["H1", "L1", "V1"], "outdir": "/scratch-local/twouters2.5386362/injection_2/", "M_c": 2.4994490216137133, "q": 0.6179942806700622, "s1_z": -0.040361008817717016, "s2_z": 0.0006384587556846691, "lambda_1": 2359.2648441698484, "lambda_2": 3534.520220225741, "d_L": 232.30800604443849, "t_c": -0.006531245052306137, "phase_c": 5.36897041349325, "cos_iota": -0.5172725645579523, "psi": 2.781969119568367, "ra": 6.011776662391278, "sin_dec": 0.9741758860495753}