{"M_c": 2.4994490216137133, "eta": 0.23606439670654106, "s1_z": -0.040361008817717016, "s2_z": 0.0006384587556846691, "lambda_1": 2359.2648441698484, "lambda_2": 3534.520220225741, "d_L": 232.30800604443849, "t_c": -0.006531245052306137, "phase_c": 5.36897041349325, "iota": 2.1144572729225235, "psi": 2.781969119568367, "ra": 6.011776662391278, "dec": 1.343041927281078, "gmst": 2.7288923786848907}