{"seed": 3713, "f_sampling": 4096, "duration": 128, "post_trigger_duration": 2, "trigger_time": 1187008882.43, "fmin": 20, "fref": 20, "ifos": ["H1", "L1", "V1"], "outdir": "/scratch-local/twouters2.5466753/injection_2/", "M_c": 2.205904683445028, "q": 0.9452423198362812, "s1_z": 0.037440695543803096, "s2_z": -0.010038493168873473, "lambda_1": 3454.3508473626894, "lambda_2": 846.1468607571737, "d_L": 82.60524217032786, "t_c": -0.038093379614651916, "phase_c": 5.9028577926333865, "cos_iota": -0.6511935046548343, "psi": 1.4746333076987612, "ra": 3.462310606742897, "sin_dec": -0.10921152492615205}