{"M_c": 2.205904683445028, "eta": 0.2498019008228799, "s1_z": 0.037440695543803096, "s2_z": -0.010038493168873473, "lambda_1": 3454.3508473626894, "lambda_2": 846.1468607571737, "d_L": 82.60524217032786, "t_c": -0.038093379614651916, "phase_c": 5.9028577926333865, "iota": 2.2799523572898273, "psi": 1.4746333076987612, "ra": 3.462310606742897, "dec": -0.10942979564527466, "gmst": 2.7288923786848907}