{"seed": 8926, "f_sampling": 4096, "duration": 128, "post_trigger_duration": 2, "trigger_time": 1187008882.43, "fmin": 20, "fref": 20, "ifos": ["H1", "L1", "V1"], "outdir": "./outdir_NRTv2/injection_10/", "M_c": 1.0788673534627238, "q": 0.8943815273682787, "s1_z": 0.02003373554461875, "s2_z": -0.029661305007779137, "lambda_1": 1490.0586157756113, "lambda_2": 1751.1413016466443, "d_L": 90.97342879570846, "t_c": 0.07647145344887812, "phase_c": 1.1915763761608515, "cos_iota": -0.675586096971307, "psi": 1.380640947159044, "ra": 5.356986066619254, "sin_dec": -0.3938575309442418}