{"M_c": 1.0788673534627238, "eta": 0.24922288574777945, "s1_z": 0.02003373554461875, "s2_z": -0.029661305007779137, "lambda_1": 1490.0586157756113, "lambda_2": 1751.1413016466443, "d_L": 90.97342879570846, "t_c": 0.07647145344887812, "phase_c": 1.1915763761608515, "iota": 2.3125556834683585, "psi": 1.380640947159044, "ra": 5.356986066619254, "dec": -0.4048245860680218, "gmst": 2.7288923786848907}