{"seed": 1043, "f_sampling": 4096, "duration": 128, "post_trigger_duration": 2, "trigger_time": 1187008882.43, "fmin": 20, "fref": 20, "ifos": ["H1", "L1", "V1"], "outdir": "/scratch-local/twouters2.5317091/injection_14/", "M_c": 1.0840164821019675, "q": 0.8868427037361033, "s1_z": 0.010696030481690669, "s2_z": 0.017015399625824684, "lambda_1": 2008.8275090744, "lambda_2": 1633.644604186893, "d_L": 104.9239153293041, "t_c": 0.0507100502790849, "phase_c": 1.8097697793763055, "cos_iota": -0.29300763374911076, "psi": 0.6952339463620414, "ra": 3.0946016302622525, "sin_dec": -0.8874988523979912}