{"M_c": 1.0840164821019675, "eta": 0.24910084670697652, "s1_z": 0.010696030481690669, "s2_z": 0.017015399625824684, "lambda_1": 2008.8275090744, "lambda_2": 1633.644604186893, "d_L": 104.9239153293041, "t_c": 0.0507100502790849, "phase_c": 1.8097697793763055, "iota": 1.8681673530352783, "psi": 0.6952339463620414, "ra": 3.0946016302622525, "dec": -1.0918887515120055, "gmst": 2.7288923786848907}