{"seed": 3421, "f_sampling": 4096, "duration": 128, "post_trigger_duration": 2, "trigger_time": 1187008882.43, "fmin": 20, "fref": 20, "ifos": ["H1", "L1", "V1"], "outdir": "./outdir_TaylorF2/injection_3/", "M_c": 2.3285241604564035, "q": 0.6742594813486089, "s1_z": 0.02309981789383765, "s2_z": 0.014415398452473749, "lambda_1": 2300.7913390130593, "lambda_2": 4341.962624588976, "d_L": 240.86907788604464, "t_c": -0.06908648257987392, "phase_c": 2.543463157089691, "cos_iota": 0.43014181400768314, "psi": 2.038519388090739, "ra": 5.870344792657849, "sin_dec": 0.9659535635904521}