{"M_c": 2.3285241604564035, "eta": 0.24053679950111545, "s1_z": 0.02309981789383765, "s2_z": 0.014415398452473749, "lambda_1": 2300.7913390130593, "lambda_2": 4341.962624588976, "d_L": 240.86907788604464, "t_c": -0.06908648257987392, "phase_c": 2.543463157089691, "iota": 1.126146466589593, "psi": 2.038519388090739, "ra": 5.870344792657849, "dec": 1.3091041291391077, "gmst": 2.7288923786848907}