{"seed": 6764, "f_sampling": 4096, "duration": 128, "post_trigger_duration": 2, "trigger_time": 1187008882.43, "fmin": 20, "fref": 20, "ifos": ["H1", "L1", "V1"], "outdir": "./outdir_NRTv2_binsize_1000/injection_6/", "M_c": 2.2814880170520957, "q": 0.6883045474383914, "s1_z": -0.04378602368906242, "s2_z": -0.043007336638106436, "lambda_1": 526.0199001489497, "lambda_2": 461.43573612593525, "d_L": 108.16702826566481, "t_c": -0.03925110034246609, "phase_c": 5.55017161872839, "cos_iota": 0.6467349670223708, "psi": 2.5801561656924803, "ra": 4.013294263156453, "sin_dec": -0.40963660171791916}