{"M_c": 2.2814880170520957, "eta": 0.24147882743022608, "s1_z": -0.04378602368906242, "s2_z": -0.043007336638106436, "lambda_1": 526.0199001489497, "lambda_2": 461.43573612593525, "d_L": 108.16702826566481, "t_c": -0.03925110034246609, "phase_c": 5.55017161872839, "iota": 0.8675005054155518, "psi": 2.5801561656924803, "ra": 4.013294263156453, "dec": -0.42205567218240353, "gmst": 2.7288923786848907}