{"seed": 909, "f_sampling": 4096, "duration": 128, "post_trigger_duration": 2, "trigger_time": 1187008882.43, "fmin": 20, "fref": 20, "ifos": ["H1", "L1", "V1"], "outdir": "./outdir_TaylorF2_part2/injection_26/", "M_c": 1.0229707526312146, "q": 0.7426871258601546, "s1_z": -0.026396209642882695, "s2_z": 0.040041935941870485, "lambda_1": 4089.0733721147885, "lambda_2": 3732.6184997718087, "d_L": 167.237478257202, "t_c": -0.007761742588968626, "phase_c": 0.22225361366930313, "cos_iota": -0.7147543910533207, "psi": 1.8163106980212451, "ra": 4.6076135384458885, "sin_dec": 0.013450581061713374}