{"M_c": 1.0229707526312146, "eta": 0.2445496524753387, "s1_z": -0.026396209642882695, "s2_z": 0.040041935941870485, "lambda_1": 4089.0733721147885, "lambda_2": 3732.6184997718087, "d_L": 167.237478257202, "t_c": -0.007761742588968626, "phase_c": 0.22225361366930313, "iota": 2.3670691870561527, "psi": 1.8163106980212451, "ra": 4.6076135384458885, "dec": 0.013450986670400322, "gmst": 2.7288923786848907}