{"seed": 7583, "f_sampling": 4096, "duration": 128, "post_trigger_duration": 2, "trigger_time": 1187008882.43, "fmin": 20, "fref": 20, "ifos": ["H1", "L1", "V1"], "outdir": "./outdir_NRTv2_binsize_1000/injection_12/", "M_c": 1.4234274689677195, "q": 0.5469603128921907, "s1_z": 0.049268507142547366, "s2_z": 0.049180507145656846, "lambda_1": 3438.1107518758863, "lambda_2": 249.30182295904768, "d_L": 122.73662518440683, "t_c": 0.025126920993141233, "phase_c": 3.2849571365099797, "cos_iota": 0.6510147886670612, "psi": 2.742819984731436, "ra": 6.147092595819564, "sin_dec": 0.00010349351253147177}