{"M_c": 1.4234274689677195, "eta": 0.22855854949291593, "s1_z": 0.049268507142547366, "s2_z": 0.049180507145656846, "lambda_1": 3438.1107518758863, "lambda_2": 249.30182295904768, "d_L": 122.73662518440683, "t_c": 0.025126920993141233, "phase_c": 3.2849571365099797, "iota": 0.8618757623351164, "psi": 2.742819984731436, "ra": 6.147092595819564, "dec": 0.00010349351271622334, "gmst": 2.7288923786848907}