{"seed": 8535, "f_sampling": 4096, "duration": 128, "post_trigger_duration": 2, "trigger_time": 1187008882.43, "fmin": 20, "fref": 20, "ifos": ["H1", "L1", "V1"], "outdir": "./outdir_NRTv2/injection_15/", "M_c": 1.5525855103785429, "q": 0.8270797363924562, "s1_z": -0.015394205656463482, "s2_z": 0.012527095551613437, "lambda_1": 3849.6163189805184, "lambda_2": 2440.242268611654, "d_L": 292.44952411057113, "t_c": -0.08849291698803113, "phase_c": 0.2835538433232063, "cos_iota": 0.9365404727836626, "psi": 2.8924251153785305, "ra": 3.6258595390134127, "sin_dec": 0.057039673567111704}