{"M_c": 1.5525855103785429, "eta": 0.24776067677434474, "s1_z": -0.015394205656463482, "s2_z": 0.012527095551613437, "lambda_1": 3849.6163189805184, "lambda_2": 2440.242268611654, "d_L": 292.44952411057113, "t_c": -0.08849291698803113, "phase_c": 0.2835538433232063, "iota": 0.35816841758810025, "psi": 2.8924251153785305, "ra": 3.6258595390134127, "dec": 0.05707064893375448, "gmst": 2.7288923786848907}