{"seed": 3909, "f_sampling": 4096, "duration": 128, "post_trigger_duration": 2, "trigger_time": 1187008882.43, "fmin": 20, "fref": 20, "ifos": ["H1", "L1", "V1"], "outdir": "./outdir_NRTv2/injection_4/", "M_c": 1.9872745808715933, "q": 0.5962728207278623, "s1_z": 0.02241368472868499, "s2_z": 0.033739036159797495, "lambda_1": 1570.3294068716627, "lambda_2": 3551.501490205707, "d_L": 277.26120445510963, "t_c": 0.09306447332880227, "phase_c": 1.0470016454147386, "cos_iota": -0.8749312791483703, "psi": 0.5067112433170156, "ra": 5.995984048563837, "sin_dec": -0.735531080684487}