{"M_c": 1.9872745808715933, "eta": 0.23400803813645693, "s1_z": 0.02241368472868499, "s2_z": 0.033739036159797495, "lambda_1": 1570.3294068716627, "lambda_2": 3551.501490205707, "d_L": 277.26120445510963, "t_c": 0.09306447332880227, "phase_c": 1.0470016454147386, "iota": 2.6360902123288312, "psi": 0.5067112433170156, "ra": 5.995984048563837, "dec": -0.8264502411482005, "gmst": 2.7288923786848907}