{"seed": 1075, "f_sampling": 4096, "duration": 128, "post_trigger_duration": 2, "trigger_time": 1187008882.43, "fmin": 20, "fref": 20, "ifos": ["H1", "L1", "V1"], "outdir": "./outdir_NRTv2_binsize_1000/injection_23/", "M_c": 2.3334094427432786, "q": 0.6459173376310731, "s1_z": 0.03472758491629105, "s2_z": 0.020053838833906268, "lambda_1": 3022.2730248116054, "lambda_2": 4392.16623536232, "d_L": 213.67967567995782, "t_c": -0.08581794357044151, "phase_c": 1.0754011172839955, "cos_iota": 0.8696645801565461, "psi": 0.7047990802244035, "ra": 3.436695498517521, "sin_dec": 0.32111501466718484}