{"M_c": 2.3334094427432786, "eta": 0.23843000176106877, "s1_z": 0.03472758491629105, "s2_z": 0.020053838833906268, "lambda_1": 3022.2730248116054, "lambda_2": 4392.16623536232, "d_L": 213.67967567995782, "t_c": -0.08581794357044151, "phase_c": 1.0754011172839955, "iota": 0.5162738919018159, "psi": 0.7047990802244035, "ra": 3.436695498517521, "dec": 0.32690662047761204, "gmst": 2.7288923786848907}