{"seed": 277, "f_sampling": 4096, "duration": 128, "post_trigger_duration": 2, "trigger_time": 1187008882.43, "fmin": 20, "fref": 20, "ifos": ["H1", "L1", "V1"], "outdir": "./outdir_NRTv2/injection_8/", "M_c": 2.1179958325390005, "q": 0.5230454185177595, "s1_z": -0.01700958203210031, "s2_z": -0.03546196850565139, "lambda_1": 2921.907330229694, "lambda_2": 504.1003169558667, "d_L": 54.94680137302865, "t_c": -0.04779536607798325, "phase_c": 5.606100354155692, "cos_iota": 0.5575919631966457, "psi": 0.5771182290196668, "ra": 6.112697783683364, "sin_dec": -0.651024446970889}