{"M_c": 2.1179958325390005, "eta": 0.22548294229514687, "s1_z": -0.01700958203210031, "s2_z": -0.03546196850565139, "lambda_1": 2921.907330229694, "lambda_2": 504.1003169558667, "d_L": 54.94680137302865, "t_c": -0.04779536607798325, "phase_c": 5.606100354155692, "iota": 0.9793142091935864, "psi": 0.5771182290196668, "ra": 6.112697783683364, "dec": -0.7089332884767422, "gmst": 2.7288923786848907}