{"seed": 4296, "f_sampling": 4096, "duration": 128, "post_trigger_duration": 2, "trigger_time": 1187008882.43, "fmin": 20, "fref": 20, "ifos": ["H1", "L1", "V1"], "outdir": "./outdir_NRTv2_binsize_1000/injection_24/", "M_c": 1.560170450214914, "q": 0.9768050323660488, "s1_z": 0.014530687014942839, "s2_z": -0.008676139480899972, "lambda_1": 644.9779743307538, "lambda_2": 1398.967195468543, "d_L": 67.55747023935476, "t_c": 0.06720079685088357, "phase_c": 4.193301903974419, "cos_iota": -0.3884503824895462, "psi": 2.324524094133487, "ra": 1.7135110939902234, "sin_dec": 0.205338269192626}