{"M_c": 1.560170450214914, "eta": 0.24996558087112755, "s1_z": 0.014530687014942839, "s2_z": -0.008676139480899972, "lambda_1": 644.9779743307538, "lambda_2": 1398.967195468543, "d_L": 67.55747023935476, "t_c": 0.06720079685088357, "phase_c": 4.193301903974419, "iota": 1.9697456417084545, "psi": 2.324524094133487, "ra": 1.7135110939902234, "dec": 0.20680932902883, "gmst": 2.7288923786848907}