{"seed": 4040, "f_sampling": 4096, "duration": 128, "post_trigger_duration": 2, "trigger_time": 1187008882.43, "fmin": 20, "fref": 20, "ifos": ["H1", "L1", "V1"], "outdir": "./outdir_NRTv2_binsize_1000/injection_22/", "M_c": 2.59706438400951, "q": 0.6033529977292241, "s1_z": 0.047488284118431645, "s2_z": -0.041693579991305976, "lambda_1": 1723.028486126863, "lambda_2": 235.32940690288606, "d_L": 264.01499212445424, "t_c": 0.012174448770101362, "phase_c": 2.3609520215071798, "cos_iota": -0.9944574784945723, "psi": 1.50632965559431, "ra": 0.059367244994958865, "sin_dec": -0.7040018440694247}