{"M_c": 2.59706438400951, "eta": 0.2347000481098318, "s1_z": 0.047488284118431645, "s2_z": -0.041693579991305976, "lambda_1": 1723.028486126863, "lambda_2": 235.32940690288606, "d_L": 264.01499212445424, "t_c": 0.012174448770101362, "phase_c": 2.3609520215071798, "iota": 3.036258433031428, "psi": 1.50632965559431, "ra": 0.059367244994958865, "dec": -0.7810167037763436, "gmst": 2.7288923786848907}