{"seed": 5778, "f_sampling": 4096, "duration": 128, "post_trigger_duration": 2, "trigger_time": 1187008882.43, "fmin": 20, "fref": 20, "ifos": ["H1", "L1", "V1"], "outdir": "/scratch-local/twouters2.5316180/injection_2/", "M_c": 1.6298817211200496, "q": 0.6839523925330715, "s1_z": 0.0019407639574752916, "s2_z": 0.03694178770705735, "lambda_1": 920.1812677371812, "lambda_2": 839.2204350678484, "d_L": 51.33107898914802, "t_c": 0.07596695023170011, "phase_c": 3.007132909421764, "cos_iota": 0.4338063380788324, "psi": 0.42612440898610043, "ra": 2.305087609628646, "sin_dec": -0.2901591129126557}