{"M_c": 1.6298817211200496, "eta": 0.2411938636801407, "s1_z": 0.0019407639574752916, "s2_z": 0.03694178770705735, "lambda_1": 920.1812677371812, "lambda_2": 839.2204350678484, "d_L": 51.33107898914802, "t_c": 0.07596695023170011, "phase_c": 3.007132909421764, "iota": 1.1220832831769114, "psi": 0.42612440898610043, "ra": 2.305087609628646, "dec": -0.2943930994955958, "gmst": 2.7288923786848907}