{"seed": 7268, "f_sampling": 4096, "duration": 128, "post_trigger_duration": 2, "trigger_time": 1187008882.43, "fmin": 20, "fref": 20, "ifos": ["H1", "L1", "V1"], "outdir": "./outdir_NRTv2/injection_10/", "M_c": 2.435438452918156, "q": 0.6077074465138173, "s1_z": -0.01729321241661188, "s2_z": -0.03407074280585784, "lambda_1": 2491.6895834056777, "lambda_2": 3996.4469166873137, "d_L": 150.4802623638617, "t_c": -0.03549619275395084, "phase_c": 3.084795874770787, "cos_iota": -0.5520401600061648, "psi": 1.7777360688482071, "ra": 4.6653619878521235, "sin_dec": 0.2727832868512545}