{"M_c": 2.435438452918156, "eta": 0.2351150941886535, "s1_z": -0.01729321241661188, "s2_z": -0.03407074280585784, "lambda_1": 2491.6895834056777, "lambda_2": 3996.4469166873137, "d_L": 150.4802623638617, "t_c": -0.03549619275395084, "phase_c": 3.084795874770787, "iota": 2.1556053588831716, "psi": 1.7777360688482071, "ra": 4.6653619878521235, "dec": 0.2762848524534211, "gmst": 2.7288923786848907}