{"seed": 7398, "f_sampling": 4096, "duration": 128, "post_trigger_duration": 2, "trigger_time": 1187008882.43, "fmin": 20, "fref": 20, "ifos": ["H1", "L1", "V1"], "outdir": "./outdir_NRTv2/injection_2/", "M_c": 1.467670100994454, "q": 0.8843224624032013, "s1_z": -0.029340792727654587, "s2_z": -0.037154173934769635, "lambda_1": 2921.5394364461627, "lambda_2": 3011.881204935379, "d_L": 175.7863870654408, "t_c": 0.03469570252802548, "phase_c": 5.5980495964809895, "cos_iota": -0.052071152157587175, "psi": 2.3795768862615896, "ra": 2.272792141930042, "sin_dec": -0.16383314581647768}