{"seed": 2684, "f_sampling": 4096, "duration": 128, "post_trigger_duration": 2, "trigger_time": 1187008882.43, "fmin": 20, "fref": 20, "ifos": ["H1", "L1", "V1"], "outdir": "./outdir_TaylorF2_part2/injection_7/", "M_c": 1.9715985276055972, "q": 0.8725408328443485, "s1_z": -0.0014890319719295456, "s2_z": 0.02545698912911812, "lambda_1": 181.30588820888306, "lambda_2": 4121.037801222117, "d_L": 176.75652229976131, "t_c": 0.08685916785716133, "phase_c": 5.954621062742149, "cos_iota": -0.3383098121688439, "psi": 2.2943106772525668, "ra": 6.280955115018138, "sin_dec": -0.27236978636665654}