{"M_c": 1.9715985276055972, "eta": 0.24884170396969738, "s1_z": -0.0014890319719295456, "s2_z": 0.02545698912911812, "lambda_1": 181.30588820888306, "lambda_2": 4121.037801222117, "d_L": 176.75652229976131, "t_c": 0.08685916785716133, "phase_c": 5.954621062742149, "iota": 1.9159165481491138, "psi": 2.2943106772525668, "ra": 6.280955115018138, "dec": -0.2758550781762583, "gmst": 2.7288923786848907}