{"seed": 5668, "f_sampling": 4096, "duration": 128, "post_trigger_duration": 2, "trigger_time": 1187008882.43, "fmin": 20, "fref": 20, "ifos": ["H1", "L1", "V1"], "outdir": "/scratch-local/twouters2.5386361/injection_2/", "M_c": 1.7579513745871005, "q": 0.7708855338352709, "s1_z": -0.0292640892872328, "s2_z": -0.023366367232274823, "lambda_1": 281.79251775744206, "lambda_2": 231.0592072727885, "d_L": 68.12814004682909, "t_c": 0.01091460368553994, "phase_c": 0.3826316502119212, "cos_iota": 0.2829724780014471, "psi": 0.3087745248717763, "ra": 3.913188724400114, "sin_dec": -0.4707765781468223}