{"M_c": 1.7579513745871005, "eta": 0.24581530268326324, "s1_z": -0.0292640892872328, "s2_z": -0.023366367232274823, "lambda_1": 281.79251775744206, "lambda_2": 231.0592072727885, "d_L": 68.12814004682909, "t_c": 0.01091460368553994, "phase_c": 0.3826316502119212, "iota": 1.2839044819701877, "psi": 0.3087745248717763, "ra": 3.913188724400114, "dec": -0.49017079363996807, "gmst": 2.7288923786848907}