{"seed": 5990, "f_sampling": 4096, "duration": 128, "post_trigger_duration": 2, "trigger_time": 1187008882.43, "fmin": 20, "fref": 20, "ifos": ["H1", "L1", "V1"], "outdir": "./outdir_TaylorF2_part2/injection_30/", "M_c": 2.2905888157049556, "q": 0.6076359269653284, "s1_z": 0.013976112804015742, "s2_z": 0.02047871771876819, "lambda_1": 4416.392259334472, "lambda_2": 1381.6074960879698, "d_L": 120.1871049018508, "t_c": 0.09889484954147901, "phase_c": 3.9254165979784585, "cos_iota": 0.5561567780781476, "psi": 1.8853650016841812, "ra": 3.6270403441107377, "sin_dec": 0.9842507039426083}