{"M_c": 2.2905888157049556, "eta": 0.23510834141292164, "s1_z": 0.013976112804015742, "s2_z": 0.02047871771876819, "lambda_1": 4416.392259334472, "lambda_2": 1381.6074960879698, "d_L": 120.1871049018508, "t_c": 0.09889484954147901, "phase_c": 3.9254165979784585, "iota": 0.9810421061118173, "psi": 1.8853650016841812, "ra": 3.6270403441107377, "dec": 1.3930841402903726, "gmst": 2.7288923786848907}