{"seed": 31, "f_sampling": 4096, "duration": 128, "post_trigger_duration": 2, "trigger_time": 1187008882.43, "fmin": 20, "fref": 20, "ifos": ["H1", "L1", "V1"], "outdir": "./outdir_NRTv2_binsize_500/injection_1/", "M_c": 0.974280391185733, "q": 0.6986020181016299, "s1_z": 0.005047391546099934, "s2_z": 0.024133273347298784, "lambda_1": 409.9705891993899, "lambda_2": 4750.007695822625, "d_L": 65.43711542637749, "t_c": -0.009676456333428646, "phase_c": 1.84279027938928, "cos_iota": -0.7860264646361927, "psi": 2.1001044597786858, "ra": 2.2689377480480135, "sin_dec": 0.6601123412124004}