{"M_c": 0.974280391185733, "eta": 0.24212886398290506, "s1_z": 0.005047391546099934, "s2_z": 0.024133273347298784, "lambda_1": 409.9705891993899, "lambda_2": 4750.007695822625, "d_L": 65.43711542637749, "t_c": -0.009676456333428646, "phase_c": 1.84279027938928, "iota": 2.4751511333943954, "psi": 2.1001044597786858, "ra": 2.2689377480480135, "dec": 0.7209683066407092, "gmst": 2.7288923786848907}