{"seed": 5570, "f_sampling": 4096, "duration": 128, "post_trigger_duration": 2, "trigger_time": 1187008882.43, "fmin": 20, "fref": 20, "ifos": ["H1", "L1", "V1"], "outdir": "./outdir_TaylorF2_part2/injection_28/", "M_c": 2.0466144725904365, "q": 0.8662426967238215, "s1_z": 0.03440840921298344, "s2_z": 0.02699774154814598, "lambda_1": 4370.2386821702685, "lambda_2": 2326.708217141194, "d_L": 275.40676237153, "t_c": 0.03193149459485756, "phase_c": 0.9357060815926033, "cos_iota": -0.5195680061950898, "psi": 1.9835075845150323, "ra": 4.294767949078862, "sin_dec": -0.41264402081573137}