{"M_c": 2.0466144725904365, "eta": 0.24871578193513738, "s1_z": 0.03440840921298344, "s2_z": 0.02699774154814598, "lambda_1": 4370.2386821702685, "lambda_2": 2326.708217141194, "d_L": 275.40676237153, "t_c": 0.03193149459485756, "phase_c": 0.9357060815926033, "iota": 2.1171416062174946, "psi": 1.9835075845150323, "ra": 4.294767949078862, "dec": -0.4253548312756296, "gmst": 2.7288923786848907}