{"seed": 3549, "f_sampling": 4096, "duration": 128, "post_trigger_duration": 2, "trigger_time": 1187008882.43, "fmin": 20, "fref": 20, "ifos": ["H1", "L1", "V1"], "outdir": "./outdir_NRTv2_binsize_1000/injection_18/", "M_c": 2.4459679829368954, "q": 0.5416147132731931, "s1_z": -0.04226726488486876, "s2_z": -0.027218472690431927, "lambda_1": 948.6160249899145, "lambda_2": 3502.0596129426244, "d_L": 292.0187922181212, "t_c": -0.058070539433031934, "phase_c": 0.09972544636985083, "cos_iota": -0.6425050701672301, "psi": 1.6949308832001222, "ra": 5.918561233326803, "sin_dec": -0.6377809420752354}