{"M_c": 2.4459679829368954, "eta": 0.22789707989656594, "s1_z": -0.04226726488486876, "s2_z": -0.027218472690431927, "lambda_1": 948.6160249899145, "lambda_2": 3502.0596129426244, "d_L": 292.0187922181212, "t_c": -0.058070539433031934, "phase_c": 0.09972544636985083, "iota": 2.268559255492019, "psi": 1.6949308832001222, "ra": 5.918561233326803, "dec": -0.6916137382736607, "gmst": 2.7288923786848907}