{"seed": 3961, "f_sampling": 4096, "duration": 128, "post_trigger_duration": 2, "trigger_time": 1187008882.43, "fmin": 20, "fref": 20, "ifos": ["H1", "L1", "V1"], "outdir": "./outdir_NRTv2/injection_3/", "M_c": 1.0775686665521884, "q": 0.5395338941794492, "s1_z": -0.02288557988493156, "s2_z": 0.04542060960253384, "lambda_1": 2929.7811927339294, "lambda_2": 2385.8006276478995, "d_L": 134.3100875297319, "t_c": 0.04504915818199934, "phase_c": 6.133112280807512, "cos_iota": 0.021400820260483178, "psi": 2.567212877857295, "ra": 0.7213496096775395, "sin_dec": 0.16400998302377445}