{"M_c": 1.0775686665521884, "eta": 0.2276356214251716, "s1_z": -0.02288557988493156, "s2_z": 0.04542060960253384, "lambda_1": 2929.7811927339294, "lambda_2": 2385.8006276478995, "d_L": 134.3100875297319, "t_c": 0.04504915818199934, "phase_c": 6.133112280807512, "iota": 1.5493938726191476, "psi": 2.567212877857295, "ra": 0.7213496096775395, "dec": 0.1647543202528464, "gmst": 2.7288923786848907}