{"seed": 6713, "f_sampling": 4096, "duration": 128, "post_trigger_duration": 2, "trigger_time": 1187008882.43, "fmin": 20, "fref": 20, "ifos": ["H1", "L1", "V1"], "outdir": "./outdir_TaylorF2_part2/injection_27/", "M_c": 2.321770912949507, "q": 0.5898740248758438, "s1_z": 0.03960291720591967, "s2_z": 0.004356082151322847, "lambda_1": 571.3037101949031, "lambda_2": 4469.327829395778, "d_L": 229.74037196948814, "t_c": 0.043453523686245804, "phase_c": 4.803470143841957, "cos_iota": 0.8394199820067354, "psi": 1.6193699614157775, "ra": 0.43197214802958567, "sin_dec": 0.7871090422365223}