{"M_c": 2.321770912949507, "eta": 0.23336399153366014, "s1_z": 0.03960291720591967, "s2_z": 0.004356082151322847, "lambda_1": 571.3037101949031, "lambda_2": 4469.327829395778, "d_L": 229.74037196948814, "t_c": 0.043453523686245804, "phase_c": 4.803470143841957, "iota": 0.5745812088745835, "psi": 1.6193699614157775, "ra": 0.43197214802958567, "dec": 0.9061079587139514, "gmst": 2.7288923786848907}