{"seed": 9331, "f_sampling": 4096, "duration": 128, "post_trigger_duration": 2, "trigger_time": 1187008882.43, "fmin": 20, "fref": 20, "ifos": ["H1", "L1", "V1"], "outdir": "./outdir_NRTv2/injection_14/", "M_c": 1.8451380734845126, "q": 0.9216688024863136, "s1_z": 0.029915134911677244, "s2_z": -0.015992942885235263, "lambda_1": 2916.4596037834817, "lambda_2": 2395.3184333270588, "d_L": 229.8195357675195, "t_c": 0.03586862012980646, "phase_c": 5.564573458064404, "cos_iota": -0.7623599853533067, "psi": 1.0085120889848178, "ra": 1.078443577543371, "sin_dec": -0.5882669376436709}