{"M_c": 1.8451380734845126, "eta": 0.2495846134200719, "s1_z": 0.029915134911677244, "s2_z": -0.015992942885235263, "lambda_1": 2916.4596037834817, "lambda_2": 2395.3184333270588, "d_L": 229.8195357675195, "t_c": 0.03586862012980646, "phase_c": 5.564573458064404, "iota": 2.4377483685499084, "psi": 1.0085120889848178, "ra": 1.078443577543371, "dec": -0.628914055425038, "gmst": 2.7288923786848907}