{"seed": 7168, "f_sampling": 4096, "duration": 128, "post_trigger_duration": 2, "trigger_time": 1187008882.43, "fmin": 20, "fref": 20, "ifos": ["H1", "L1", "V1"], "outdir": "./outdir_NRTv2_binsize_500/injection_2/", "M_c": 1.2574222651577005, "q": 0.5970636418303495, "s1_z": -0.035343802695494024, "s2_z": -0.009225841209993424, "lambda_1": 2891.635762051807, "lambda_2": 203.0268521630646, "d_L": 37.646913585131344, "t_c": -0.059082690267798936, "phase_c": 4.8711412565309145, "cos_iota": 0.7413165226235867, "psi": 2.8912848453388076, "ra": 0.9726099247378126, "sin_dec": -0.7104452130459424}