{"M_c": 1.2574222651577005, "eta": 0.23408639856210847, "s1_z": -0.035343802695494024, "s2_z": -0.009225841209993424, "lambda_1": 2891.635762051807, "lambda_2": 203.0268521630646, "d_L": 37.646913585131344, "t_c": -0.059082690267798936, "phase_c": 4.8711412565309145, "iota": 0.7357665117010882, "psi": 2.8912848453388076, "ra": 0.9726099247378126, "dec": -0.7901306347968802, "gmst": 2.7288923786848907}