{"seed": 4338, "f_sampling": 4096, "duration": 128, "post_trigger_duration": 2, "trigger_time": 1187008882.43, "fmin": 20, "fref": 20, "ifos": ["H1", "L1", "V1"], "outdir": "./outdir_TaylorF2_part2/injection_1/", "M_c": 1.1876566526428813, "q": 0.7499862042635002, "s1_z": 0.0019177617315727508, "s2_z": 0.024477030675426475, "lambda_1": 2016.8011259293194, "lambda_2": 1834.5573022867884, "d_L": 59.18337940878954, "t_c": -0.03297527174440944, "phase_c": 3.1881189175554665, "cos_iota": 0.11909670065168143, "psi": 0.19296212729206655, "ra": 0.8831141899954128, "sin_dec": -0.48178732632436283}