{"M_c": 1.1876566526428813, "eta": 0.2448973156254094, "s1_z": 0.0019177617315727508, "s2_z": 0.024477030675426475, "lambda_1": 2016.8011259293194, "lambda_2": 1834.5573022867884, "d_L": 59.18337940878954, "t_c": -0.03297527174440944, "phase_c": 3.1881189175554665, "iota": 1.4514162686951397, "psi": 0.19296212729206655, "ra": 0.8831141899954128, "dec": -0.5026932273147092, "gmst": 2.7288923786848907}