{"seed": 1252, "f_sampling": 4096, "duration": 128, "post_trigger_duration": 2, "trigger_time": 1187008882.43, "fmin": 20, "fref": 20, "ifos": ["H1", "L1", "V1"], "outdir": "./outdir_TaylorF2_part2/injection_4/", "M_c": 1.7939156584576872, "q": 0.8007264492844686, "s1_z": 0.011725245416755382, "s2_z": -0.0368261270117118, "lambda_1": 2384.4565128997597, "lambda_2": 2075.6263680252646, "d_L": 291.2334560133287, "t_c": 0.029486341738753835, "phase_c": 5.92818604918343, "cos_iota": 0.7394531336378072, "psi": 2.526104286622634, "ra": 4.910138332213874, "sin_dec": -0.3528610091227913}