{"M_c": 1.7939156584576872, "eta": 0.2469384324928002, "s1_z": 0.011725245416755382, "s2_z": -0.0368261270117118, "lambda_1": 2384.4565128997597, "lambda_2": 2075.6263680252646, "d_L": 291.2334560133287, "t_c": 0.029486341738753835, "phase_c": 5.92818604918343, "iota": 0.7385386601972602, "psi": 2.526104286622634, "ra": 4.910138332213874, "dec": -0.36062704042245375, "gmst": 2.7288923786848907}