{"seed": 7044, "f_sampling": 4096, "duration": 128, "post_trigger_duration": 2, "trigger_time": 1187008882.43, "fmin": 20, "fref": 20, "ifos": ["H1", "L1", "V1"], "outdir": "./outdir_TaylorF2_part2/injection_48/", "M_c": 2.017073421639485, "q": 0.6957181577566943, "s1_z": -0.04907606241768884, "s2_z": 0.03801744275379185, "lambda_1": 1828.8029875276018, "lambda_2": 236.03884620413018, "d_L": 58.199389528585044, "t_c": 0.05096191929927579, "phase_c": 1.7694881141577483, "cos_iota": -0.6184811447143055, "psi": 0.28761731723687883, "ra": 3.7073682462473396, "sin_dec": -0.6413671010461048}