{"M_c": 2.017073421639485, "eta": 0.24195020646718574, "s1_z": -0.04907606241768884, "s2_z": 0.03801744275379185, "lambda_1": 1828.8029875276018, "lambda_2": 236.03884620413018, "d_L": 58.199389528585044, "t_c": 0.05096191929927579, "phase_c": 1.7694881141577483, "iota": 2.237604677717319, "psi": 0.28761731723687883, "ra": 3.7073682462473396, "dec": -0.6962787978224586, "gmst": 2.7288923786848907}