{"seed": 8617, "f_sampling": 4096, "duration": 128, "post_trigger_duration": 2, "trigger_time": 1187008882.43, "fmin": 20, "fref": 20, "ifos": ["H1", "L1", "V1"], "outdir": "./outdir_NRTv2/injection_16/", "M_c": 1.0031827421066144, "q": 0.8511087317029706, "s1_z": 0.02866416125768781, "s2_z": -0.013156661982802041, "lambda_1": 3551.954596703106, "lambda_2": 4164.998751979177, "d_L": 129.0447028801173, "t_c": -0.06485628244430164, "phase_c": 2.958999160058285, "cos_iota": -0.9135588740038758, "psi": 2.333541267352669, "ra": 3.0811658816789507, "sin_dec": -0.7808593035088585}