{"M_c": 1.0031827421066144, "eta": 0.2483826105399708, "s1_z": 0.02866416125768781, "s2_z": -0.013156661982802041, "lambda_1": 3551.954596703106, "lambda_2": 4164.998751979177, "d_L": 129.0447028801173, "t_c": -0.06485628244430164, "phase_c": 2.958999160058285, "iota": 2.722746619709552, "psi": 2.333541267352669, "ra": 3.0811658816789507, "dec": -0.8960401677966884, "gmst": 2.7288923786848907}