{"seed": 6363, "f_sampling": 4096, "duration": 128, "post_trigger_duration": 2, "trigger_time": 1187008882.43, "fmin": 20, "fref": 20, "ifos": ["H1", "L1", "V1"], "outdir": "./outdir_NRTv2/injection_8/", "M_c": 2.011036960817143, "q": 0.5613874694929525, "s1_z": -0.008433743099499388, "s2_z": 0.014926160260546037, "lambda_1": 192.00696080091728, "lambda_2": 3360.30388442913, "d_L": 85.22021330976398, "t_c": 0.08068121022650829, "phase_c": 1.3319973363124957, "cos_iota": -0.24361638742887592, "psi": 1.0449894301770335, "ra": 1.2165998247979555, "sin_dec": -0.7026598898242302}