{"M_c": 2.011036960817143, "eta": 0.23027210723545152, "s1_z": -0.008433743099499388, "s2_z": 0.014926160260546037, "lambda_1": 192.00696080091728, "lambda_2": 3360.30388442913, "d_L": 85.22021330976398, "t_c": 0.08068121022650829, "phase_c": 1.3319973363124957, "iota": 1.816889169702003, "psi": 1.0449894301770335, "ra": 1.2165998247979555, "dec": -0.7791289198980902, "gmst": 2.7288923786848907}