{"seed": 114, "f_sampling": 4096, "duration": 128, "post_trigger_duration": 2, "trigger_time": 1187008882.43, "fmin": 20, "fref": 20, "ifos": ["H1", "L1", "V1"], "outdir": "./outdir_NRTv2_binsize_1000/injection_21/", "M_c": 2.584060039025531, "q": 0.532302766453074, "s1_z": -0.03905100914206955, "s2_z": -0.038463362031128545, "lambda_1": 4420.071312189161, "lambda_2": 414.19391106939486, "d_L": 188.57753882807935, "t_c": 0.014686030402417422, "phase_c": 0.11666090985393293, "cos_iota": -0.9837682537634831, "psi": 1.3041900996231603, "ra": 0.7602686417712718, "sin_dec": 0.3008611460541384}