{"M_c": 2.584060039025531, "eta": 0.2267094127271678, "s1_z": -0.03905100914206955, "s2_z": -0.038463362031128545, "lambda_1": 4420.071312189161, "lambda_2": 414.19391106939486, "d_L": 188.57753882807935, "t_c": 0.014686030402417422, "phase_c": 0.11666090985393293, "iota": 2.961171762884608, "psi": 1.3041900996231603, "ra": 0.7602686417712718, "dec": 0.3055955086646649, "gmst": 2.7288923786848907}