{"seed": 3001, "f_sampling": 4096, "duration": 128, "post_trigger_duration": 2, "trigger_time": 1187008882.43, "fmin": 20, "fref": 20, "ifos": ["H1", "L1", "V1"], "outdir": "./outdir_NRTv2/injection_5/", "M_c": 2.3720701933472266, "q": 0.6929869924846892, "s1_z": -0.0017505493057759641, "s2_z": -0.014596556342292004, "lambda_1": 4091.7826611872183, "lambda_2": 4437.1338202927955, "d_L": 89.45382987042422, "t_c": -0.012503126115062727, "phase_c": 0.5725622082144598, "cos_iota": 0.7407666503638102, "psi": 1.3812351586037768, "ra": 4.619392480515938, "sin_dec": 0.14116565542158988}