{"M_c": 2.3720701933472266, "eta": 0.24177858978973857, "s1_z": -0.0017505493057759641, "s2_z": -0.014596556342292004, "lambda_1": 4091.7826611872183, "lambda_2": 4437.1338202927955, "d_L": 89.45382987042422, "t_c": -0.012503126115062727, "phase_c": 0.5725622082144598, "iota": 0.7365854332175059, "psi": 1.3812351586037768, "ra": 4.619392480515938, "dec": 0.14163876253699095, "gmst": 2.7288923786848907}