{"seed": 2431, "f_sampling": 4096, "duration": 128, "post_trigger_duration": 2, "trigger_time": 1187008882.43, "fmin": 20, "fref": 20, "ifos": ["H1", "L1", "V1"], "outdir": "/scratch-local/twouters2.5466618/injection_2/", "M_c": 2.1612452233316173, "q": 0.5119286101607863, "s1_z": 0.013885157097050987, "s2_z": -0.011246244566075946, "lambda_1": 4511.257588647081, "lambda_2": 2125.032875275007, "d_L": 37.0874250309289, "t_c": -0.008615957289982393, "phase_c": 1.6627357813693442, "cos_iota": 0.9859031412311576, "psi": 0.011067744116817654, "ra": 3.4066800241941992, "sin_dec": 0.37840904958880595}