{"M_c": 2.1612452233316173, "eta": 0.22394781584952525, "s1_z": 0.013885157097050987, "s2_z": -0.011246244566075946, "lambda_1": 4511.257588647081, "lambda_2": 2125.032875275007, "d_L": 37.0874250309289, "t_c": -0.008615957289982393, "phase_c": 1.6627357813693442, "iota": 0.16810772782974528, "psi": 0.011067744116817654, "ra": 3.4066800241941992, "dec": 0.3880769313406094, "gmst": 2.7288923786848907}