{"seed": 6660, "f_sampling": 4096, "duration": 128, "post_trigger_duration": 2, "trigger_time": 1187008882.43, "fmin": 20, "fref": 20, "ifos": ["H1", "L1", "V1"], "outdir": "./outdir_NRTv2/injection_13/", "M_c": 2.550800490173473, "q": 0.6629668213146904, "s1_z": -0.038012797542444, "s2_z": 0.04599075184211107, "lambda_1": 4268.684238240548, "lambda_2": 418.74084211464157, "d_L": 134.50487988849932, "t_c": 0.050525234346597114, "phase_c": 1.7467956471168677, "cos_iota": -0.539841892721507, "psi": 2.0699329113197154, "ra": 5.770803261094908, "sin_dec": 0.35648247338051076}