{"M_c": 2.550800490173473, "eta": 0.23973123648185074, "s1_z": -0.038012797542444, "s2_z": 0.04599075184211107, "lambda_1": 4268.684238240548, "lambda_2": 418.74084211464157, "d_L": 134.50487988849932, "t_c": 0.050525234346597114, "phase_c": 1.7467956471168677, "iota": 2.1410455969122624, "psi": 2.0699329113197154, "ra": 5.770803261094908, "dec": 0.3645003054508734, "gmst": 2.7288923786848907}