{"seed": 5647, "f_sampling": 4096, "duration": 128, "post_trigger_duration": 2, "trigger_time": 1187008882.43, "fmin": 20, "fref": 20, "ifos": ["H1", "L1", "V1"], "outdir": "./new_slurm/injection_3/", "M_c": 2.0384682897070756, "q": 0.7296465504634859, "s1_z": -0.0463786979914112, "s2_z": -0.030004049154675073, "lambda_1": 3099.6540605030327, "lambda_2": 3118.0121876874628, "d_L": 44.35284198293164, "t_c": 0.0010250247028963794, "phase_c": 2.926397342291404, "cos_iota": 0.33348069321013574, "psi": 1.52232157812363, "ra": 2.151900225015171, "sin_dec": -0.7934318222872729}