{"seed": 267, "f_sampling": 4096, "duration": 128, "post_trigger_duration": 2, "trigger_time": 1187008882.43, "fmin": 20, "fref": 20, "ifos": ["H1", "L1", "V1"], "outdir": "./outdir_TaylorF2_part2/injection_17/", "M_c": 1.1547136293339317, "q": 0.5521354896238382, "s1_z": -0.004716723666272404, "s2_z": -0.0011354828339036893, "lambda_1": 3338.9352367793686, "lambda_2": 3795.4588782671244, "d_L": 141.16146682624617, "t_c": -0.0547491352189363, "phase_c": 1.6557513732561984, "cos_iota": 0.3280763844731236, "psi": 2.2956265688570014, "ra": 3.714081689311196, "sin_dec": 0.11955993497588646}