{"M_c": 1.1547136293339317, "eta": 0.2291851133941231, "s1_z": -0.004716723666272404, "s2_z": -0.0011354828339036893, "lambda_1": 3338.9352367793686, "lambda_2": 3795.4588782671244, "d_L": 141.16146682624617, "t_c": -0.0547491352189363, "phase_c": 1.6557513732561984, "iota": 1.2365297972159583, "psi": 2.2956265688570014, "ra": 3.714081689311196, "dec": 0.1198466261270268, "gmst": 2.7288923786848907}