{"seed": 7240, "f_sampling": 4096, "duration": 128, "post_trigger_duration": 2, "trigger_time": 1187008882.43, "fmin": 20, "fref": 20, "ifos": ["H1", "L1", "V1"], "outdir": "./outdir_TaylorF2_part2/injection_40/", "M_c": 2.376365414747613, "q": 0.7432295837454852, "s1_z": 0.026064597873715553, "s2_z": 0.01782135456015496, "lambda_1": 2662.8539126214523, "lambda_2": 3320.3820051583916, "d_L": 37.74448979348955, "t_c": 0.049210211578137375, "phase_c": 4.750554094532449, "cos_iota": 0.9223856234848338, "psi": 2.601820387714857, "ra": 0.1160139047045236, "sin_dec": -0.9418113966287434}