{"M_c": 2.376365414747613, "eta": 0.24457598597500932, "s1_z": 0.026064597873715553, "s2_z": 0.01782135456015496, "lambda_1": 2662.8539126214523, "lambda_2": 3320.3820051583916, "d_L": 37.74448979348955, "t_c": 0.049210211578137375, "phase_c": 4.750554094532449, "iota": 0.3965846395456431, "psi": 2.601820387714857, "ra": 0.1160139047045236, "dec": -1.227979040021877, "gmst": 2.7288923786848907}