{"seed": 2854, "f_sampling": 4096, "duration": 128, "post_trigger_duration": 2, "trigger_time": 1187008882.43, "fmin": 20, "fref": 20, "ifos": ["H1", "L1", "V1"], "outdir": "./outdir_NRTv2_binsize_1000/injection_10/", "M_c": 2.2039419459821756, "q": 0.7902327249910377, "s1_z": -0.03470304416565432, "s2_z": -0.04666007396275788, "lambda_1": 1790.4407194418593, "lambda_2": 3258.0493611435695, "d_L": 225.15719419974855, "t_c": 0.07797893257678876, "phase_c": 6.218637051771792, "cos_iota": -0.5995279231954849, "psi": 1.3297199830937265, "ra": 3.24643522027568, "sin_dec": -0.9878393169774817}