{"M_c": 2.2039419459821756, "eta": 0.24656761102442898, "s1_z": -0.03470304416565432, "s2_z": -0.04666007396275788, "lambda_1": 1790.4407194418593, "lambda_2": 3258.0493611435695, "d_L": 225.15719419974855, "t_c": 0.07797893257678876, "phase_c": 6.218637051771792, "iota": 2.2137074700705512, "psi": 1.3297199830937265, "ra": 3.24643522027568, "dec": -1.4146847622126208, "gmst": 2.7288923786848907}