{"M_c": 1.95713842, "q": 0.910050622, "s1_z": 0.0340685893, "s2_z": 0.0272165114, "lambda_1": 494.82927, "lambda_2": 4374.2405, "d_L": 82.1636616, "t_c": -0.0230779116, "phase_c": 5.97207208, "cos_iota": -0.523343085, "psi": 3.02950901, "ra": 5.98376982, "sin_dec": 0.00128732911, "iota": 2.121565818889702, "dec": 0.0012873294655640492, "eta": 0.24944557017741223, "gmst": 2.7288923786848907}