{"seed": 4307, "f_sampling": 4096, "duration": 128, "post_trigger_duration": 2, "trigger_time": 1187008882.43, "fmin": 20, "fref": 20, "ifos": ["H1", "L1", "V1"], "outdir": "./outdir_TaylorF2_part2/injection_51/", "M_c": 1.524597372042591, "q": 0.5670562779675654, "s1_z": -0.02224355476765646, "s2_z": 0.043297014172783574, "lambda_1": 1089.6241925999695, "lambda_2": 320.0441908675306, "d_L": 143.59115212212544, "t_c": -0.08469766129687091, "phase_c": 4.415010436069408, "cos_iota": -0.1069183408517389, "psi": 2.7597940878177694, "ra": 2.063444765312806, "sin_dec": 0.6647625869783986}