{"M_c": 1.9568677619484602, "eta": 0.24893417710751992, "s1_z": 0.009735110398633173, "s2_z": 0.048980590878307986, "lambda_1": 1064.683599128085, "lambda_2": 3723.7220879878337, "d_L": 126.18218167071768, "t_c": -0.023603896693900103, "phase_c": 3.238585218011449, "iota": 2.640861949418257, "psi": 0.5161579022094159, "ra": 5.978101120559757, "dec": -0.01944744929956209, "gmst": 2.7288923786848907}