{"seed": 6816, "f_sampling": 4096, "duration": 128, "post_trigger_duration": 2, "trigger_time": 1187008882.43, "fmin": 20, "fref": 20, "ifos": ["H1", "L1", "V1"], "outdir": "./outdir_NRTv2/injection_1/", "M_c": 0.8912713986713872, "q": 0.8199246948368463, "s1_z": 0.04309971878389861, "s2_z": 0.03756423869423901, "lambda_1": 3011.5798162812907, "lambda_2": 4732.58101760683, "d_L": 76.68670619168722, "t_c": 0.02745842724356301, "phase_c": 2.792432622248479, "cos_iota": -0.5957803336737717, "psi": 3.0728529583118043, "ra": 3.5703328686689852, "sin_dec": 0.3138281904744735}