{"seed": 5868, "f_sampling": 4096, "duration": 128, "post_trigger_duration": 2, "trigger_time": 1187008882.43, "fmin": 20, "fref": 20, "ifos": ["H1", "L1", "V1"], "outdir": "./outdir_TaylorF2/injection_2/", "M_c": 2.240184730249736, "q": 0.7220405186763775, "s1_z": -0.04819542237580032, "s2_z": -0.0014568600632265047, "lambda_1": 58.71327905156987, "lambda_2": 4188.595107516666, "d_L": 184.49856517435404, "t_c": 0.07977056895635512, "phase_c": 0.7395782723687812, "cos_iota": 0.39602829509837, "psi": 1.2166746798023076, "ra": 2.206955604994605, "sin_dec": -0.9518543681375269}