{"seed": 4796, "f_sampling": 4096, "duration": 128, "post_trigger_duration": 2, "trigger_time": 1187008882.43, "fmin": 20, "fref": 20, "ifos": ["H1", "L1", "V1"], "outdir": "./outdir_TaylorF2/injection_2/", "M_c": 2.4618776976905417, "q": 0.772864573682017, "s1_z": -0.004963800242149853, "s2_z": -0.011396486861785682, "lambda_1": 1977.3685753588265, "lambda_2": 4950.209202986809, "d_L": 213.85323913722704, "t_c": -0.06963608148808874, "phase_c": 4.63493912666342, "cos_iota": 0.6276662996560802, "psi": 0.799505307426295, "ra": 3.4700484950247574, "sin_dec": 0.18653892375456183}