{"M_c": 2.4618776976905417, "eta": 0.24589646031393264, "s1_z": -0.004963800242149853, "s2_z": -0.011396486861785682, "lambda_1": 1977.3685753588265, "lambda_2": 4950.209202986809, "d_L": 213.85323913722704, "t_c": -0.06963608148808874, "phase_c": 4.63493912666342, "iota": 0.8922445069695205, "psi": 0.799505307426295, "ra": 3.4700484950247574, "dec": 0.18763804829819694, "gmst": 2.7288923786848907}