{"seed": 6929, "f_sampling": 4096, "duration": 128, "post_trigger_duration": 2, "trigger_time": 1187008882.43, "fmin": 20, "fref": 20, "ifos": ["H1", "L1", "V1"], "outdir": "./outdir_NRTv2/injection_11/", "M_c": 1.9013947341560768, "q": 0.9214121963313321, "s1_z": -0.0357337864570702, "s2_z": -0.004802712652544137, "lambda_1": 3553.2297666928403, "lambda_2": 1028.5998659341456, "d_L": 122.68117243491125, "t_c": -0.029442131576740346, "phase_c": 1.4802424875289106, "cos_iota": 0.5367595919920578, "psi": 2.2169751259086246, "ra": 1.5889243464603704, "sin_dec": -0.007754520335184978}