{"M_c": 1.9013947341560768, "eta": 0.24958177573606205, "s1_z": -0.0357337864570702, "s2_z": -0.004802712652544137, "lambda_1": 3553.2297666928403, "lambda_2": 1028.5998659341456, "d_L": 122.68117243491125, "t_c": -0.029442131576740346, "phase_c": 1.4802424875289106, "iota": 1.0042044808801145, "psi": 2.2169751259086246, "ra": 1.5889243464603704, "dec": -0.007754598053847715, "gmst": 2.7288923786848907}