{"seed": 8529, "f_sampling": 4096, "duration": 128, "post_trigger_duration": 2, "trigger_time": 1187008882.43, "fmin": 20, "fref": 20, "ifos": ["H1", "L1", "V1"], "outdir": "./outdir_TaylorF2/injection_4/", "M_c": 2.464506210095036, "q": 0.751330733150601, "s1_z": -0.028996390976566613, "s2_z": 0.04212038988954481, "lambda_1": 705.0621788456046, "lambda_2": 2456.935193468957, "d_L": 106.09961478162506, "t_c": 0.05430595911492178, "phase_c": 2.5684352377625825, "cos_iota": -0.8401389632332363, "psi": 1.045996167456791, "ra": 5.242256153247531, "sin_dec": 0.1136058923621237}