{"M_c": 2.464506210095036, "eta": 0.24495979850704763, "s1_z": -0.028996390976566613, "s2_z": 0.04212038988954481, "lambda_1": 705.0621788456046, "lambda_2": 2456.935193468957, "d_L": 106.09961478162506, "t_c": 0.05430595911492178, "phase_c": 2.5684352377625825, "iota": 2.568335712600535, "psi": 1.045996167456791, "ra": 5.242256153247531, "dec": 0.11385169456548992, "gmst": 2.7288923786848907}