{"seed": 5654, "f_sampling": 4096, "duration": 128, "post_trigger_duration": 2, "trigger_time": 1187008882.43, "fmin": 20, "fref": 20, "ifos": ["H1", "L1", "V1"], "outdir": "./outdir_TaylorF2_part2/injection_50/", "M_c": 1.8472022218878585, "q": 0.5420263711225033, "s1_z": 0.001991518617934021, "s2_z": -0.049481693630336714, "lambda_1": 2616.536433060775, "lambda_2": 1083.004668484947, "d_L": 65.25340633727053, "t_c": -0.041544855002015435, "phase_c": 2.4343654246659585, "cos_iota": -0.020135093494012546, "psi": 1.6068530804339218, "ra": 1.5387280289797278, "sin_dec": -0.33572600057161295}