{"M_c": 1.8472022218878585, "eta": 0.22794853999035092, "s1_z": 0.001991518617934021, "s2_z": -0.049481693630336714, "lambda_1": 2616.536433060775, "lambda_2": 1083.004668484947, "d_L": 65.25340633727053, "t_c": -0.041544855002015435, "phase_c": 2.4343654246659585, "iota": 1.5909327810721303, "psi": 1.6068530804339218, "ra": 1.5387280289797278, "dec": -0.34237585857426894, "gmst": 2.7288923786848907}