{"seed": 5851, "f_sampling": 4096, "duration": 128, "post_trigger_duration": 2, "trigger_time": 1187008882.43, "fmin": 20, "fref": 20, "ifos": ["H1", "L1", "V1"], "outdir": "./outdir_TaylorF2_part2/injection_36/", "M_c": 2.1163912848653945, "q": 0.6378186667961006, "s1_z": -0.0046053180246371644, "s2_z": -0.032769653767875745, "lambda_1": 2514.4250406080737, "lambda_2": 4496.02403345822, "d_L": 232.1573466676153, "t_c": 0.04339698140408593, "phase_c": 4.245869434828298, "cos_iota": 0.9276650437270646, "psi": 2.6507276710319347, "ra": 4.555236859518514, "sin_dec": -0.8373162464002815}