{"M_c": 2.1163912848653945, "eta": 0.23777467251580442, "s1_z": -0.0046053180246371644, "s2_z": -0.032769653767875745, "lambda_1": 2514.4250406080737, "lambda_2": 4496.02403345822, "d_L": 232.1573466676153, "t_c": 0.04339698140408593, "phase_c": 4.245869434828298, "iota": 0.3826858679707689, "psi": 2.6507276710319347, "ra": 4.555236859518514, "dec": -0.9923557731243448, "gmst": 2.7288923786848907}