{"seed": 2165, "f_sampling": 4096, "duration": 128, "post_trigger_duration": 2, "trigger_time": 1187008882.43, "fmin": 20, "fref": 20, "ifos": ["H1", "L1", "V1"], "outdir": "./outdir_NRTv2_binsize_1000/injection_20/", "M_c": 1.4992559316493104, "q": 0.8460443522927017, "s1_z": 0.04706995856668787, "s2_z": -0.03954969182809198, "lambda_1": 2407.360206191823, "lambda_2": 3513.280625721506, "d_L": 65.72123852721889, "t_c": -0.019956072369965147, "phase_c": 3.4363472148961254, "cos_iota": -0.638604413683568, "psi": 1.1270374534230332, "ra": 2.675744296082039, "sin_dec": 0.07728561219711971}