{"M_c": 1.4992559316493104, "eta": 0.24826121054765946, "s1_z": 0.04706995856668787, "s2_z": -0.03954969182809198, "lambda_1": 2407.360206191823, "lambda_2": 3513.280625721506, "d_L": 65.72123852721889, "t_c": -0.019956072369965147, "phase_c": 3.4363472148961254, "iota": 2.2634796801737767, "psi": 1.1270374534230332, "ra": 2.675744296082039, "dec": 0.07736275841246895, "gmst": 2.7288923786848907}