{"seed": 5003, "f_sampling": 4096, "duration": 128, "post_trigger_duration": 2, "trigger_time": 1187008882.43, "fmin": 20, "fref": 20, "ifos": ["H1", "L1", "V1"], "outdir": "./outdir_NRTv2_binsize_1000/injection_9/", "M_c": 2.373126311857588, "q": 0.915456692723897, "s1_z": 0.023816967430057318, "s2_z": 0.004343541395416137, "lambda_1": 61.303619757688274, "lambda_2": 202.64135331283683, "d_L": 143.6564618792146, "t_c": 0.07794996110635152, "phase_c": 0.05156490032910019, "cos_iota": 0.40411829617093065, "psi": 0.8607285469980015, "ra": 0.7762810249019293, "sin_dec": -0.550932265323486}