{"M_c": 2.373126311857588, "eta": 0.24951297214565227, "s1_z": 0.023816967430057318, "s2_z": 0.004343541395416137, "lambda_1": 61.303619757688274, "lambda_2": 202.64135331283683, "d_L": 143.6564618792146, "t_c": 0.07794996110635152, "phase_c": 0.05156490032910019, "iota": 1.154781621350917, "psi": 0.8607285469980015, "ra": 0.7762810249019293, "dec": -0.583480913997055, "gmst": 2.7288923786848907}