{"seed": 8253, "f_sampling": 4096, "duration": 128, "post_trigger_duration": 2, "trigger_time": 1187008882.43, "fmin": 20, "fref": 20, "ifos": ["H1", "L1", "V1"], "outdir": "./outdir_TaylorF2_part2/injection_19/", "M_c": 1.8393491371374535, "q": 0.5386376392916559, "s1_z": 0.045480674047327155, "s2_z": 0.013007041735383057, "lambda_1": 2563.579090703678, "lambda_2": 2904.175192330229, "d_L": 277.0922807706696, "t_c": -0.03651985620494187, "phase_c": 4.248597676044432, "cos_iota": -0.8123646704114591, "psi": 1.0806737806230373, "ra": 2.746357920728057, "sin_dec": -0.6785530802790443}