{"M_c": 1.8393491371374535, "eta": 0.22752231269106973, "s1_z": 0.045480674047327155, "s2_z": 0.013007041735383057, "lambda_1": 2563.579090703678, "lambda_2": 2904.175192330229, "d_L": 277.0922807706696, "t_c": -0.03651985620494187, "phase_c": 4.248597676044432, "iota": 2.5189920608977343, "psi": 1.0806737806230373, "ra": 2.746357920728057, "dec": -0.7457910373700326, "gmst": 2.7288923786848907}