{"seed": 6642, "f_sampling": 4096, "duration": 128, "post_trigger_duration": 2, "trigger_time": 1187008882.43, "fmin": 20, "fref": 20, "ifos": ["H1", "L1", "V1"], "outdir": "./outdir_NRTv2/injection_15/", "M_c": 2.451496074482664, "q": 0.6639418107917611, "s1_z": -0.02266667297923776, "s2_z": -0.001743618288535885, "lambda_1": 1757.9788300977912, "lambda_2": 3284.1170910131505, "d_L": 124.99534481993818, "t_c": -0.04729313739444248, "phase_c": 3.6319295233318325, "cos_iota": 0.8560631243263086, "psi": 1.245601685247274, "ra": 1.1569469331118445, "sin_dec": -0.22424826631968653}