{"M_c": 2.451496074482664, "eta": 0.2398025236853179, "s1_z": -0.02266667297923776, "s2_z": -0.001743618288535885, "lambda_1": 1757.9788300977912, "lambda_2": 3284.1170910131505, "d_L": 124.99534481993818, "t_c": -0.04729313739444248, "phase_c": 3.6319295233318325, "iota": 0.5431921319558374, "psi": 1.245601685247274, "ra": 1.1569469331118445, "dec": -0.22617158850365973, "gmst": 2.7288923786848907}