{"seed": 618, "f_sampling": 4096, "duration": 128, "post_trigger_duration": 2, "trigger_time": 1187008882.43, "fmin": 20, "fref": 20, "ifos": ["H1", "L1", "V1"], "outdir": "./outdir_TaylorF2_part2/injection_2/", "M_c": 1.657514203510218, "q": 0.7821574525398185, "s1_z": 0.03549643298432943, "s2_z": 0.003915522164599429, "lambda_1": 2907.7730652173, "lambda_2": 3196.8888563577675, "d_L": 194.2651452739462, "t_c": 0.0654282349074842, "phase_c": 0.026568374313823466, "cos_iota": -0.8054038322717132, "psi": 1.6873119786365336, "ra": 3.4812663093073803, "sin_dec": 0.2727172891842651}