{"M_c": 1.657514203510218, "eta": 0.24626463297501805, "s1_z": 0.03549643298432943, "s2_z": 0.003915522164599429, "lambda_1": 2907.7730652173, "lambda_2": 3196.8888563577675, "d_L": 194.2651452739462, "t_c": 0.0654282349074842, "phase_c": 0.026568374313823466, "iota": 2.5071527930180255, "psi": 1.6873119786365336, "ra": 3.4812663093073803, "dec": 0.27621625386128157, "gmst": 2.7288923786848907}