{"seed": 3924, "f_sampling": 4096, "duration": 128, "post_trigger_duration": 2, "trigger_time": 1187008882.43, "fmin": 20, "fref": 20, "ifos": ["H1", "L1", "V1"], "outdir": "./outdir_NRTv2_binsize_1000/injection_7/", "M_c": 2.1054767130677847, "q": 0.816113293735214, "s1_z": -0.011789415153746888, "s2_z": -0.03542702067502959, "lambda_1": 2501.2110458918537, "lambda_2": 3150.133128736819, "d_L": 215.76475100572486, "t_c": -0.02203910840562469, "phase_c": 2.490843836980831, "cos_iota": -0.6265076106338439, "psi": 1.0170840165048995, "ra": 1.3927110145510504, "sin_dec": 0.2063682123569046}