{"M_c": 2.1054767130677847, "eta": 0.2474369634372301, "s1_z": -0.011789415153746888, "s2_z": -0.03542702067502959, "lambda_1": 2501.2110458918537, "lambda_2": 3150.133128736819, "d_L": 215.76475100572486, "t_c": -0.02203910840562469, "phase_c": 2.490843836980831, "iota": 2.247860643652785, "psi": 1.0170840165048995, "ra": 1.3927110145510504, "dec": 0.20786181343707807, "gmst": 2.7288923786848907}