{"seed": 5599, "f_sampling": 4096, "duration": 128, "post_trigger_duration": 2, "trigger_time": 1187008882.43, "fmin": 20, "fref": 20, "ifos": ["H1", "L1", "V1"], "outdir": "./outdir_TaylorF2_part2/injection_23/", "M_c": 1.4289238068606744, "q": 0.7216604015764845, "s1_z": -0.04339488132352873, "s2_z": -0.03302827034963776, "lambda_1": 4569.868011372462, "lambda_2": 1382.8552869381178, "d_L": 245.92768379189772, "t_c": -0.021940459920873012, "phase_c": 5.5013603743657145, "cos_iota": 0.9163546691629958, "psi": 1.4387209699850185, "ra": 5.277423777647017, "sin_dec": -0.8759576671967133}