{"M_c": 1.4289238068606744, "eta": 0.24346576093399547, "s1_z": -0.04339488132352873, "s2_z": -0.03302827034963776, "lambda_1": 4569.868011372462, "lambda_2": 1382.8552869381178, "d_L": 245.92768379189772, "t_c": -0.021940459920873012, "phase_c": 5.5013603743657145, "iota": 0.4119178364368272, "psi": 1.4387209699850185, "ra": 5.277423777647017, "dec": -1.0674175155954135, "gmst": 2.7288923786848907}