{"seed": 2805, "f_sampling": 4096, "duration": 128, "post_trigger_duration": 2, "trigger_time": 1187008882.43, "fmin": 20, "fref": 20, "ifos": ["H1", "L1", "V1"], "outdir": "./outdir_TaylorF2_part2/injection_22/", "M_c": 1.6773054889899393, "q": 0.5639349637439228, "s1_z": 0.03499993679650168, "s2_z": 0.014665981821625054, "lambda_1": 4806.482381913653, "lambda_2": 2392.917770802139, "d_L": 34.0247867334955, "t_c": 0.061583647873733716, "phase_c": 0.6518627134781148, "cos_iota": 0.07315394268344177, "psi": 0.19498269372277668, "ra": 3.832514953050876, "sin_dec": 0.231118722470522}