{"M_c": 1.6773054889899393, "eta": 0.23056407729089168, "s1_z": 0.03499993679650168, "s2_z": 0.014665981821625054, "lambda_1": 4806.482381913653, "lambda_2": 2392.917770802139, "d_L": 34.0247867334955, "t_c": 0.061583647873733716, "phase_c": 0.6518627134781148, "iota": 1.4975769792698799, "psi": 0.19498269372277668, "ra": 3.832514953050876, "dec": 0.23322738025122397, "gmst": 2.7288923786848907}